listing_id,url,address,city_id,lat,lon,distance_to_center_km,distance_to_metro_km,house_kind,house_area_m2,land_area_m2,land_to_house_ratio,actual_price,predicted_price,error,percentage_error
8209259518,https://www.avito.ru/almetevsk/doma_dachi_kottedzhi/dom_365_m_na_uchastke_31_sot._8209259518?context=H4sIAAAAAAAA_wE_AMD_YToyOntzOjEzOiJsb2NhbFByaW9yaXR5IjtiOjA7czoxOiJ4IjtzOjE2OiI2a3BVRXZuZFlaSHFxdk1GIjt96CnAJD8AAAA,"С. Федотовка, Нагорная ул., 3",650210,54.68080330560722,51.987504989617975,31.550742631080666,,house,36.5,3100.0,84.93150684931507,290000,1224236.708740473,934236.708740473,322.15058922085274
3657804011,https://www.avito.ru/almetevsk/doma_dachi_kottedzhi/dom_50_m_na_uchastke_8_sot._3657804011?context=H4sIAAAAAAAA_wE_AMD_YToyOntzOjEzOiJsb2NhbFByaW9yaXR5IjtiOjA7czoxOiJ4IjtzOjE2OiJVRndUU2R4WUVLY01SOVhrIjt90kBo9z8AAAA,Садоводческое некоммерческое объединение граждан Озёрный,650210,54.86929125477719,52.267542684560574,3.9962239512160753,,house,50.0,800.0,16.0,1100000,4273362.741104736,3173362.741104736,288.48752191861234
4553271073,https://www.avito.ru/almetevsk/doma_dachi_kottedzhi/dom_415_m_na_uchastke_7_sot._4553271073?context=H4sIAAAAAAAA_wE_AMD_YToyOntzOjEzOiJsb2NhbFByaW9yaXR5IjtiOjA7czoxOiJ4IjtzOjE2OiJVRndUU2R4WUVLY01SOVhrIjt90kBo9z8AAAA,"Мкр-н Урсала, Советская ул., 108",650210,54.93346024,52.36977005,5.807437075838979,,house,41.5,700.0,16.867469879518072,2600000,4766870.444174163,2166870.444174163,83.3411709297755
2762928905,https://www.avito.ru/almetevsk/doma_dachi_kottedzhi/dom_60_m_na_uchastke_138_sot._2762928905?context=H4sIAAAAAAAA_wE_AMD_YToyOntzOjEzOiJsb2NhbFByaW9yaXR5IjtiOjA7czoxOiJ4IjtzOjE2OiJxR3V4R2RZeDFadkFPaHJ0Ijt9msUq5T8AAAA,"Пос. Сосновка, Лесная ул., 1",650210,55.0487442,52.36101151,16.99174561946232,,house,60.0,1380.0,23.0,1590000,2892346.6383758155,1302346.6383758155,81.90859360854186
8186498624,https://www.avito.ru/almetevsk/doma_dachi_kottedzhi/dom_49_m_na_uchastke_28_sot._8186498624?context=H4sIAAAAAAAA_wE_AMD_YToyOntzOjEzOiJsb2NhbFByaW9yaXR5IjtiOjA7czoxOiJ4IjtzOjE2OiJER2t3N2xVTWhYc0QxcHcyIjt9POTwNT8AAAA,С. Маметьево,650210,54.8136614609412,52.09422661097814,16.298364401381534,,house,49.0,2800.0,57.142857142857146,890000,1605548.2552071705,715548.2552071705,80.39868036035624
1915901317,https://www.avito.ru/almetevsk/doma_dachi_kottedzhi/dacha_359_m_na_uchastke_368_sot._1915901317?context=H4sIAAAAAAAA_wE_AMD_YToyOntzOjEzOiJsb2NhbFByaW9yaXR5IjtiOjA7czoxOiJ4IjtzOjE2OiJ0ZUM2RUFZZ3RySGh4WUdBIjt94bZMez8AAAA,"Д. Бухар, Авангардная ул., 2",650210,54.7825567207245,51.9615875502319,25.299737942826045,,dacha,35.9,3679.9999999999995,102.50696378830082,1000000,1790562.6768041092,790562.6768041092,79.05626768041093
7934329824,https://www.avito.ru/almetevsk/doma_dachi_kottedzhi/dom_35_m_na_uchastke_25_sot._7934329824?context=H4sIAAAAAAAA_wE_AMD_YToyOntzOjEzOiJsb2NhbFByaW9yaXR5IjtiOjA7czoxOiJ4IjtzOjE2OiJEMFNLWHFsckJsQWV1MDhYIjt9rXDVtD8AAAA,"С. Кичуй, Петровская ул., 14",650210,54.89345551,51.98781586,19.975190936066568,,house,35.0,2500.0,71.42857142857143,1050000,1862601.054396454,812601.054396454,77.3905766091861
3691086645,https://www.avito.ru/almetevsk/doma_dachi_kottedzhi/dom_100_m_na_uchastke_6_sot._3691086645?context=H4sIAAAAAAAA_wE_AMD_YToyOntzOjEzOiJsb2NhbFByaW9yaXR5IjtiOjA7czoxOiJ4IjtzOjE2OiJEMFNLWHFsckJsQWV1MDhYIjt9rXDVtD8AAAA,"Ул. Шамиля Надырова, 14",650210,54.86350659220453,52.44647781552393,10.210656185384611,,house,100.0,600.0,6.0,4000000,7068041.038713886,3068041.0387138864,76.70102596784716
3884193325,https://www.avito.ru/almetevsk/doma_dachi_kottedzhi/dom_194_m_na_uchastke_497_sot._3884193325?context=H4sIAAAAAAAA_wE_AMD_YToyOntzOjEzOiJsb2NhbFByaW9yaXR5IjtiOjA7czoxOiJ4IjtzOjE2OiJxR3V4R2RZeDFadkFPaHJ0Ijt9msUq5T8AAAA,"С. Новое Каширово, ул. Ахмадиева, 19",650210,54.961512,52.539577,16.76500447853098,,house,194.0,4970.0,25.61855670103093,2800000,4875648.3883930845,2075648.3883930845,74.13029958546731
3037047635,https://www.avito.ru/almetevsk/doma_dachi_kottedzhi/dom_36_m_na_uchastke_9_sot._3037047635?context=H4sIAAAAAAAA_wE_AMD_YToyOntzOjEzOiJsb2NhbFByaW9yaXR5IjtiOjA7czoxOiJ4IjtzOjE2OiJDY0hwZWFoOGJYeEZvMndGIjt9ZQBBMz8AAAA,С. Маметьево,650210,54.814813,52.082694,16.827894756827853,,house,36.0,900.0,25.0,1180000,1999036.1539631332,819036.1539631332,69.40984355619773
3197303087,https://www.avito.ru/almetevsk/doma_dachi_kottedzhi/dom_1317_m_na_uchastke_18_sot._3197303087?context=H4sIAAAAAAAA_wE_AMD_YToyOntzOjEzOiJsb2NhbFByaW9yaXR5IjtiOjA7czoxOiJ4IjtzOjE2OiJDY0hwZWFoOGJYeEZvMndGIjt9ZQBBMz8AAAA,"Республика Татарстан, Альметьевский район, Миннибаевское сельское поселение",650210,54.8203427855315,52.227940673817464,9.986198240857338,,house,131.7,1800.0,13.66742596810934,4500000,7330586.966115688,2830586.966115688,62.90193258034862
7999018776,https://www.avito.ru/almetevsk/doma_dachi_kottedzhi/dom_988_m_na_uchastke_12_sot._7999018776?context=H4sIAAAAAAAA_wE_AMD_YToyOntzOjEzOiJsb2NhbFByaW9yaXR5IjtiOjA7czoxOiJ4IjtzOjE2OiI1ckJJamw0Z2xmSlNYWks5Ijt93JF--T8AAAA,"Тихая ул., 26",650210,54.902196,52.368835,4.407797984278577,,house,98.8,1200.0,12.145748987854251,5900000,9069909.329915898,3169909.329915898,53.727276778235556
4123038656,https://www.avito.ru/almetevsk/doma_dachi_kottedzhi/dom_106_m_na_uchastke_27_sot._4123038656?context=H4sIAAAAAAAA_wE_AMD_YToyOntzOjEzOiJsb2NhbFByaW9yaXR5IjtiOjA7czoxOiJ4IjtzOjE2OiJ0ZUM2RUFZZ3RySGh4WUdBIjt94bZMez8AAAA,"Д. Нолинка, Центральная ул., 52",650210,54.974327473638986,52.21383930977573,9.929734991465452,,house,106.0,2700.0,25.471698113207548,4650000,7143216.467511871,2493216.467511871,53.6175584411155
4163658457,https://www.avito.ru/almetevsk/doma_dachi_kottedzhi/dom_80_m_na_uchastke_49_sot._4163658457?context=H4sIAAAAAAAA_wE_AMD_YToyOntzOjEzOiJsb2NhbFByaW9yaXR5IjtiOjA7czoxOiJ4IjtzOjE2OiJQMFVGMjRSVkZ2V2RJaWlxIjt9ddos6T8AAAA,"С. Кичучатово, ул. Карла Маркса, 25",650210,54.84090042,52.07222748,15.987014973341454,,house,80.0,4900.0,61.25,6300000,2987728.927603726,-3312271.072396274,-52.57573130787737
7716293137,https://www.avito.ru/almetevsk/doma_dachi_kottedzhi/dom_98_m_na_uchastke_18_sot._7716293137?context=H4sIAAAAAAAA_wE_AMD_YToyOntzOjEzOiJsb2NhbFByaW9yaXR5IjtiOjA7czoxOiJ4IjtzOjE2OiI2a3BVRXZuZFlaSHFxdk1GIjt96CnAJD8AAAA,"С. Новое Каширово, ул. Тавабилова",650210,54.96716733410276,52.53489920754242,16.76221934681755,,house,98.0,1800.0,18.367346938775512,8500000,4113680.6780122593,-4386319.321987741,-51.60375672926754
8319673213,https://www.avito.ru/almetevsk/doma_dachi_kottedzhi/dom_81_m_na_uchastke_148_sot._8319673213?context=H4sIAAAAAAAA_wE_AMD_YToyOntzOjEzOiJsb2NhbFByaW9yaXR5IjtiOjA7czoxOiJ4IjtzOjE2OiJVRndUU2R4WUVLY01SOVhrIjt90kBo9z8AAAA,"Садоводческое некоммерческое товарищество Алнас, 93",650210,54.96532977583695,52.469372193656625,13.032773960410832,,house,81.0,1480.0,18.271604938271604,7950000,3941190.6203772,-4008809.3796228,-50.42527521538113
7948069026,https://www.avito.ru/almetevsk/doma_dachi_kottedzhi/dom_116_m_na_uchastke_6_sot._7948069026?context=H4sIAAAAAAAA_wE_AMD_YToyOntzOjEzOiJsb2NhbFByaW9yaXR5IjtiOjA7czoxOiJ4IjtzOjE2OiJEMFNLWHFsckJsQWV1MDhYIjt9rXDVtD8AAAA,"Ул. Шагена Донгаряна, 4",650210,54.8650322,52.44280243,9.92753605506703,,house,116.0,600.0,5.172413793103448,15200000,7757325.986136373,-7442674.013863627,-48.964960617523865
8136646244,https://www.avito.ru/almetevsk/doma_dachi_kottedzhi/dom_676_m_na_uchastke_6_sot._8136646244?context=H4sIAAAAAAAA_wE_AMD_YToyOntzOjEzOiJsb2NhbFByaW9yaXR5IjtiOjA7czoxOiJ4IjtzOjE2OiJpclhwOEF4enJmOG55VUlQIjt9xOuNPz8AAAA,"Мкр-н ДОСААФ, Кольцевая ул., 9А",650210,54.898215,52.339109,2.508458457115158,,house,67.6,600.0,8.875739644970414,12200000,6391788.538821512,-5808211.461178488,-47.60829066539745
8351593018,https://www.avito.ru/almetevsk/doma_dachi_kottedzhi/dom_98_m_na_uchastke_8_sot._8351593018?context=H4sIAAAAAAAA_wE_AMD_YToyOntzOjEzOiJsb2NhbFByaW9yaXR5IjtiOjA7czoxOiJ4IjtzOjE2OiJRdWM3dTlSdTVMTzNRa2pJIjt9EJ3yPT8AAAA,"Городская ул., 15",650210,54.904427,52.338076,2.4836289189754326,,house,98.0,800.0,8.16326530612245,7050000,10249488.672158323,3199488.672158323,45.38281804479891
7919831656,https://www.avito.ru/almetevsk/doma_dachi_kottedzhi/dom_338_m_na_uchastke_14_sot._7919831656?context=H4sIAAAAAAAA_wE_AMD_YToyOntzOjEzOiJsb2NhbFByaW9yaXR5IjtiOjA7czoxOiJ4IjtzOjE2OiJQMFVGMjRSVkZ2V2RJaWlxIjt9ddos6T8AAAA,"Пос. Сосновка, Альметьевская ул., 14",650210,55.051174,52.367361,17.350749703559785,,house,338.0,1400.0,4.1420118343195265,18000000,9861878.713198112,-8138121.286801888,-45.211784926677154
8072159496,https://www.avito.ru/almetevsk/doma_dachi_kottedzhi/dom_2715_m_na_uchastke_6_sot._8072159496?context=H4sIAAAAAAAA_wE_AMD_YToyOntzOjEzOiJsb2NhbFByaW9yaXR5IjtiOjA7czoxOiJ4IjtzOjE2OiI0VFljbWdOcjM2OHd5WEpWIjt9LZjEdz8AAAA,"Ул. 70 лет Октября, 37",650210,54.891608,52.258081,2.8382653284915547,,house,271.5,600.0,2.2099447513812156,13250000,19181985.594111487,5931985.594111487,44.76970259706783
8051380273,https://www.avito.ru/almetevsk/doma_dachi_kottedzhi/dom_260_m_na_uchastke_10_sot._8051380273?context=H4sIAAAAAAAA_wE_AMD_YToyOntzOjEzOiJsb2NhbFByaW9yaXR5IjtiOjA7czoxOiJ4IjtzOjE2OiJQMFVGMjRSVkZ2V2RJaWlxIjt9ddos6T8AAAA,Ул. Роберта Ракипова,650210,54.92213058,52.37571716,5.429521421684979,,house,260.0,1000.0,3.8461538461538463,25000000,13882754.449939279,-11117245.550060721,-44.468982200242884
3976850846,https://www.avito.ru/almetevsk/doma_dachi_kottedzhi/dom_307_m_na_uchastke_22_sot._3976850846?context=H4sIAAAAAAAA_wE_AMD_YToyOntzOjEzOiJsb2NhbFByaW9yaXR5IjtiOjA7czoxOiJ4IjtzOjE2OiI0VFljbWdOcjM2OHd5WEpWIjt9LZjEdz8AAAA,"С. Новое Надырово, ул. Куйбышева",650210,54.89390182,52.4606781,10.296510707021856,,house,307.0,2200.0,7.166123778501628,15300000,8697033.655421434,-6602966.344578566,-43.15664277502331
7791663258,https://www.avito.ru/almetevsk/doma_dachi_kottedzhi/dom_72_m_na_uchastke_6_sot._7791663258?context=H4sIAAAAAAAA_wE_AMD_YToyOntzOjEzOiJsb2NhbFByaW9yaXR5IjtiOjA7czoxOiJ4IjtzOjE2OiJDY0hwZWFoOGJYeEZvMndGIjt9ZQBBMz8AAAA,"Мкр-н Урсала, ул. Нотфуллы Хасанова, 2",650210,54.92638518736166,52.37437061193492,5.586032780340006,,house,72.0,600.0,8.333333333333334,10700000,6092240.708487255,-4607759.291512745,-43.06317094871724
4389828057,https://www.avito.ru/almetevsk/doma_dachi_kottedzhi/dom_43_m_na_uchastke_41_sot._4389828057?context=H4sIAAAAAAAA_wE_AMD_YToyOntzOjEzOiJsb2NhbFByaW9yaXR5IjtiOjA7czoxOiJ4IjtzOjE2OiI2a3BVRXZuZFlaSHFxdk1GIjt96CnAJD8AAAA,"Д. Нагорное, Дачная ул.",650210,54.88700485,52.03149796,17.23084937083481,,house,43.0,4100.0,95.34883720930233,1300000,1856354.3595117165,556354.3595117165,42.79648919320896
4077040362,https://www.avito.ru/almetevsk/doma_dachi_kottedzhi/dom_2821_m_na_uchastke_95_sot._4077040362?context=H4sIAAAAAAAA_wE_AMD_YToyOntzOjEzOiJsb2NhbFByaW9yaXR5IjtiOjA7czoxOiJ4IjtzOjE2OiJEMFNLWHFsckJsQWV1MDhYIjt9rXDVtD8AAAA,"Д. Сабанче, Лесная ул., 4",650210,54.92253634134352,52.08499604920216,13.96959774234884,,house,282.1,950.0,3.36760014179369,8050000,11342552.59292924,3292552.5929292403,40.90127444632597
4211965014,https://www.avito.ru/almetevsk/doma_dachi_kottedzhi/dom_1742_m_na_uchastke_9_sot._4211965014?context=H4sIAAAAAAAA_wE_AMD_YToyOntzOjEzOiJsb2NhbFByaW9yaXR5IjtiOjA7czoxOiJ4IjtzOjE2OiI2a3BVRXZuZFlaSHFxdk1GIjt96CnAJD8AAAA,"Станция Миннибаево, Лесная ул., 47",650210,54.83352661,52.27714539,7.534796781575385,,house,174.2,900.0,5.1664753157290475,8000000,11250670.95833463,3250670.9583346304,40.63338697918288
8316875596,https://www.avito.ru/almetevsk/doma_dachi_kottedzhi/dom_392_m_na_uchastke_31_sot._8316875596?context=H4sIAAAAAAAA_wE_AMD_YToyOntzOjEzOiJsb2NhbFByaW9yaXR5IjtiOjA7czoxOiJ4IjtzOjE2OiJDY0hwZWFoOGJYeEZvMndGIjt9ZQBBMz8AAAA,"С. Старое Суркино, Октябрьская ул., 11",650210,54.747345,52.217513,17.777881642119166,,house,39.2,3100.0,79.08163265306122,2500000,1490627.104632373,-1009372.895367627,-40.37491581470508
8323184799,https://www.avito.ru/almetevsk/doma_dachi_kottedzhi/dom_72_m_na_uchastke_17_sot._8323184799?context=H4sIAAAAAAAA_wE_AMD_YToyOntzOjEzOiJsb2NhbFByaW9yaXR5IjtiOjA7czoxOiJ4IjtzOjE2OiJQMFVGMjRSVkZ2V2RJaWlxIjt9ddos6T8AAAA,"Д. Новое Елхово, Родничная ул.",650210,54.78879050373199,51.88031226517571,29.579681403060928,,house,72.0,1700.0,23.61111111111111,1700000,2364262.326454109,664262.326454109,39.07425449730053
8285112942,https://www.avito.ru/almetevsk/doma_dachi_kottedzhi/dom_141_m_na_uchastke_10_sot._8285112942?context=H4sIAAAAAAAA_wE_AMD_YToyOntzOjEzOiJsb2NhbFByaW9yaXR5IjtiOjA7czoxOiJ4IjtzOjE2OiJVRndUU2R4WUVLY01SOVhrIjt90kBo9z8AAAA,"С. Тихоновка, Южная ул., 47",650210,54.881930589570544,52.41346029784911,7.529058401701819,,house,141.0,1000.0,7.092198581560283,15000000,9245323.697439462,-5754676.302560538,-38.36450868373692
8255641558,https://www.avito.ru/almetevsk/doma_dachi_kottedzhi/dom_200_m_na_uchastke_15_sot._8255641558?context=H4sIAAAAAAAA_wE_AMD_YToyOntzOjEzOiJsb2NhbFByaW9yaXR5IjtiOjA7czoxOiJ4IjtzOjE2OiIwd1dDcDJoNXdJNm9pbjc4Ijt91mjaWj8AAAA,"Станция Миннибаево, ул. 40 лет Победы, 14",650210,54.83759689,52.26467514,7.297779762814179,,house,200.0,1500.0,7.5,8400000,11606207.215088876,3206207.215088876,38.16913351296281
8255484363,https://www.avito.ru/almetevsk/doma_dachi_kottedzhi/dom_254_m_na_uchastke_12_sot._8255484363?context=H4sIAAAAAAAA_wE_AMD_YToyOntzOjEzOiJsb2NhbFByaW9yaXR5IjtiOjA7czoxOiJ4IjtzOjE2OiJRdWM3dTlSdTVMTzNRa2pJIjt9EJ3yPT8AAAA,"Пос. Сосновка, Сосновая ул., 7",650210,55.048921,52.364379,17.061355090157154,,house,254.0,1200.0,4.724409448818897,16300000,10130593.065555124,-6169406.934444876,-37.849122297207835
8226534503,https://www.avito.ru/almetevsk/doma_dachi_kottedzhi/dom_165_m_na_uchastke_135_sot._8226534503?context=H4sIAAAAAAAA_wE_AMD_YToyOntzOjEzOiJsb2NhbFByaW9yaXR5IjtiOjA7czoxOiJ4IjtzOjE2OiJVRndUU2R4WUVLY01SOVhrIjt90kBo9z8AAAA,"Пос. железнодорожной станции Калейкино, ул. Победа, 73",650210,54.91869962872821,52.14724492397164,9.98346683184323,,house,165.0,1350.0,8.181818181818182,17300000,10812127.82216434,-6487872.17783566,-37.50215131696913
4582322330,https://www.avito.ru/almetevsk/doma_dachi_kottedzhi/dom_2765_m_na_uchastke_11_sot._4582322330?context=H4sIAAAAAAAA_wE_AMD_YToyOntzOjEzOiJsb2NhbFByaW9yaXR5IjtiOjA7czoxOiJ4IjtzOjE2OiJ4d040Njg0MURid0xmaGlvIjt92H3GqT8AAAA,"Мкр-н Урсала, ул. Нефтяников, 56",650210,54.939165177939344,52.36876916569972,6.187085667493697,,house,276.5,1100.0,3.9783001808318263,23000000,14572865.454807224,-8427134.545192776,-36.63971541388163
7450347717,https://www.avito.ru/almetevsk/doma_dachi_kottedzhi/dom_203_m_na_uchastke_8_sot._7450347717?context=H4sIAAAAAAAA_wE_AMD_YToyOntzOjEzOiJsb2NhbFByaW9yaXR5IjtiOjA7czoxOiJ4IjtzOjE2OiJVRndUU2R4WUVLY01SOVhrIjt90kBo9z8AAAA,"С. Тихоновка, ул. Маяковского, 14А",650210,54.88449478,52.4064827,7.0244363766783815,,house,203.0,800.0,3.9408866995073892,7400000,10097336.036866141,2697336.0368661415,36.45048698467759
7519284303,https://www.avito.ru/almetevsk/doma_dachi_kottedzhi/dom_435_m_na_uchastke_213_sot._7519284303?context=H4sIAAAAAAAA_wE_AMD_YToyOntzOjEzOiJsb2NhbFByaW9yaXR5IjtiOjA7czoxOiJ4IjtzOjE2OiJuRVlyWTFmVHRVUjdrR2loIjt9sy5h6z8AAAA,"С. Верхняя Мактама, ул. Октября, 96",650210,54.823211,52.348066,9.07576569053068,,house,43.5,2130.0,48.96551724137931,3999999,2634822.09111847,-1365176.9088815302,-34.12943125439607
8102906857,https://www.avito.ru/almetevsk/doma_dachi_kottedzhi/dom_90_m_na_uchastke_72_sot._8102906857?context=H4sIAAAAAAAA_wE_AMD_YToyOntzOjEzOiJsb2NhbFByaW9yaXR5IjtiOjA7czoxOiJ4IjtzOjE2OiJDY0hwZWFoOGJYeEZvMndGIjt9ZQBBMz8AAAA,"С. Кульшарипово, ул. Яруллина",650210,54.89881897,52.20922089,5.805774645369728,,house,90.0,720.0,8.0,13000000,8589325.515765598,-4410674.484234402,-33.92826526334156
3786845788,https://www.avito.ru/almetevsk/doma_dachi_kottedzhi/dom_553_m_na_uchastke_244_sot._3786845788?context=H4sIAAAAAAAA_wE_AMD_YToyOntzOjEzOiJsb2NhbFByaW9yaXR5IjtiOjA7czoxOiJ4IjtzOjE2OiI0VFljbWdOcjM2OHd5WEpWIjt9LZjEdz8AAAA,"С. Кичучатово, ул. 8 Марта",650210,54.839002,52.084069,15.391626513952463,,house,553.0,2440.0,4.412296564195298,16431034,10941142.764477352,-5489891.235522648,-33.41172098799533
7744466983,https://www.avito.ru/almetevsk/doma_dachi_kottedzhi/dom_80_m_na_uchastke_13_sot._7744466983?context=H4sIAAAAAAAA_wE_AMD_YToyOntzOjEzOiJsb2NhbFByaW9yaXR5IjtiOjA7czoxOiJ4IjtzOjE2OiJVRndUU2R4WUVLY01SOVhrIjt90kBo9z8AAAA,"Нагорный пер., 14Б",650210,54.88153614409561,52.27303965835492,2.68103545105727,,house,80.0,1300.0,16.25,9500000,6350787.44095455,-3149212.55904545,-33.149605884688945
7897044177,https://www.avito.ru/almetevsk/doma_dachi_kottedzhi/dom_75_m_na_uchastke_5_sot._7897044177?context=H4sIAAAAAAAA_wE_AMD_YToyOntzOjEzOiJsb2NhbFByaW9yaXR5IjtiOjA7czoxOiJ4IjtzOjE2OiJ0ZUM2RUFZZ3RySGh4WUdBIjt94bZMez8AAAA,"Мкр-н Урсала, ул. Бахорина",650210,54.928981,52.370101,5.519010202601869,,house,75.0,500.0,6.666666666666667,10000000,6686992.272200525,-3313007.727799475,-33.13007727799475
7875472234,https://www.avito.ru/almetevsk/doma_dachi_kottedzhi/kottedzh_625_m_na_uchastke_10_sot._7875472234?context=H4sIAAAAAAAA_wE_AMD_YToyOntzOjEzOiJsb2NhbFByaW9yaXR5IjtiOjA7czoxOiJ4IjtzOjE2OiJER2t3N2xVTWhYc0QxcHcyIjt9POTwNT8AAAA,"С. Тихоновка, Елховская ул.",650210,54.88208389,52.41105652,7.376385982924514,,cottage,62.5,1000.0,16.0,6500000,4414485.560830205,-2085514.4391697953,-32.08483752568916
7711717213,https://www.avito.ru/almetevsk/doma_dachi_kottedzhi/dacha_75_m_na_uchastke_82_sot._7711717213?context=H4sIAAAAAAAA_wE_AMD_YToyOntzOjEzOiJsb2NhbFByaW9yaXR5IjtiOjA7czoxOiJ4IjtzOjE2OiJ0ZUM2RUFZZ3RySGh4WUdBIjt94bZMez8AAAA,"Д. Нолинка, СНТ Вишнёвая Гора",650210,54.974596527688014,52.2203349594561,9.73137278000377,,dacha,75.0,819.9999999999999,10.933333333333332,3250000,4290333.319754426,1040333.3197544264,32.01025599244389
8136221524,https://www.avito.ru/almetevsk/doma_dachi_kottedzhi/dom_844_m_na_uchastke_44_sot._8136221524?context=H4sIAAAAAAAA_wE_AMD_YToyOntzOjEzOiJsb2NhbFByaW9yaXR5IjtiOjA7czoxOiJ4IjtzOjE2OiI1ckJJamw0Z2xmSlNYWks5Ijt93JF--T8AAAA,"Пригородная ул., 1",650210,54.874496,52.261145,3.770684461764615,,house,84.4,440.00000000000006,5.213270142180095,9700000,6644636.465538505,-3055363.5344614945,-31.498593138778297
3242493333,https://www.avito.ru/almetevsk/doma_dachi_kottedzhi/taunhaus_765_m_na_uchastke_45_sot._3242493333?context=H4sIAAAAAAAA_wE_AMD_YToyOntzOjEzOiJsb2NhbFByaW9yaXR5IjtiOjA7czoxOiJ4IjtzOjE2OiJVRndUU2R4WUVLY01SOVhrIjt90kBo9z8AAAA,"Грузинская ул., 14",650210,54.86526920769801,52.27048234997366,4.298733773240974,,townhouse,76.5,450.0,5.882352941176471,7300000,5125667.179627289,-2174332.820372711,-29.785381100996037
7586157826,https://www.avito.ru/almetevsk/doma_dachi_kottedzhi/dom_1144_m_na_uchastke_8_sot._7586157826?context=H4sIAAAAAAAA_wE_AMD_YToyOntzOjEzOiJsb2NhbFByaW9yaXR5IjtiOjA7czoxOiJ4IjtzOjE2OiJxR3V4R2RZeDFadkFPaHJ0Ijt9msUq5T8AAAA,"Нагорный пер., 21А",650210,54.8801384,52.27288437,2.807978959198152,,house,114.4,800.0,6.9930069930069925,14350000,10153808.35020458,-4196191.6497954205,-29.24175365711094
8287288617,https://www.avito.ru/almetevsk/doma_dachi_kottedzhi/dom_140_m_na_uchastke_15_sot._8287288617?context=H4sIAAAAAAAA_wE_AMD_YToyOntzOjEzOiJsb2NhbFByaW9yaXR5IjtiOjA7czoxOiJ4IjtzOjE2OiJpclhwOEF4enJmOG55VUlQIjt9xOuNPz8AAAA,"С. Кульшарипово, ул. Болгар, 4",650210,54.889335,52.20058,6.467182974456277,,house,140.0,1500.0,10.714285714285714,15500000,11750294.833167773,-3749705.1668322273,-24.191646237627275
7978521139,https://www.avito.ru/almetevsk/doma_dachi_kottedzhi/kottedzh_1334_m_na_uchastke_89_sot._7978521139?context=H4sIAAAAAAAA_wE_AMD_YToyOntzOjEzOiJsb2NhbFByaW9yaXR5IjtiOjA7czoxOiJ4IjtzOjE2OiJ0ZUM2RUFZZ3RySGh4WUdBIjt94bZMez8AAAA,"Ул. Шевченко, 19А",650210,54.89426804,52.27261734,1.8633069356660914,,cottage,133.4,890.0,6.671664167916042,15800000,12033836.389718264,-3766163.6102817357,-23.836478546086934
8200359062,https://www.avito.ru/almetevsk/doma_dachi_kottedzhi/dom_701_m_na_uchastke_6_sot._8200359062?context=H4sIAAAAAAAA_wE_AMD_YToyOntzOjEzOiJsb2NhbFByaW9yaXR5IjtiOjA7czoxOiJ4IjtzOjE2OiJQMFVGMjRSVkZ2V2RJaWlxIjt9ddos6T8AAAA,Пригородная ул.,650210,54.87493478272108,52.26364833400601,3.629534781268862,,house,70.1,600.0,8.55920114122682,6900000,5273058.510152306,-1626941.4898476936,-23.5788621717057
8255305134,https://www.avito.ru/almetevsk/doma_dachi_kottedzhi/dom_78_m_na_uchastke_30_sot._8255305134?context=H4sIAAAAAAAA_wE_AMD_YToyOntzOjEzOiJsb2NhbFByaW9yaXR5IjtiOjA7czoxOiJ4IjtzOjE2OiJRdWM3dTlSdTVMTzNRa2pJIjt9EJ3yPT8AAAA,"С. Миннибаево, ул. Ш. Бикчурина, 51",650210,54.816136,52.232309,10.282554768034288,,house,78.0,3000.0,38.46153846153846,4500000,3447402.235157838,-1052597.764842162,-23.39106144093693
7690837273,https://www.avito.ru/almetevsk/doma_dachi_kottedzhi/dom_638_m_na_uchastke_57_sot._7690837273?context=H4sIAAAAAAAA_wE_AMD_YToyOntzOjEzOiJsb2NhbFByaW9yaXR5IjtiOjA7czoxOiJ4IjtzOjE2OiJ0ZUM2RUFZZ3RySGh4WUdBIjt94bZMez8AAAA,Ул. Репина,650210,54.86270093503694,52.27154919452789,4.529193145839913,,house,63.8,570.0,8.934169278996865,5900000,4525151.657477572,-1374848.3425224284,-23.30251428004116
8287589334,https://www.avito.ru/almetevsk/doma_dachi_kottedzhi/dom_253_m_na_uchastke_10_sot._8287589334?context=H4sIAAAAAAAA_wE_AMD_YToyOntzOjEzOiJsb2NhbFByaW9yaXR5IjtiOjA7czoxOiJ4IjtzOjE2OiJRdWM3dTlSdTVMTzNRa2pJIjt9EJ3yPT8AAAA,"Карьерная ул., 21",650210,54.889858,52.338454,2.7052396741229248,,house,253.0,1000.0,3.952569169960474,15000000,18491052.459085997,3491052.459085997,23.273683060573312
8209937853,https://www.avito.ru/almetevsk/doma_dachi_kottedzhi/dom_56_m_na_uchastke_135_sot._8209937853?context=H4sIAAAAAAAA_wE_AMD_YToyOntzOjEzOiJsb2NhbFByaW9yaXR5IjtiOjA7czoxOiJ4IjtzOjE2OiJEMFNLWHFsckJsQWV1MDhYIjt9rXDVtD8AAAA,"С. Кульшарипово, Речная ул., 46",650210,54.890232390982185,52.18798665503426,7.244616734438795,,house,56.0,1350.0,24.107142857142858,6000000,4639413.651741137,-1360586.3482588632,-22.67643913764772
7986575835,https://www.avito.ru/almetevsk/doma_dachi_kottedzhi/dom_1926_m_na_uchastke_19_sot._7986575835?context=H4sIAAAAAAAA_wE_AMD_YToyOntzOjEzOiJsb2NhbFByaW9yaXR5IjtiOjA7czoxOiJ4IjtzOjE2OiJ0ZUM2RUFZZ3RySGh4WUdBIjt94bZMez8AAAA,"Д. Нолинка, Лесная ул.",650210,54.97941971,52.21784592,10.272517601608667,,house,192.6,1900.0,9.865005192107995,8800000,10733466.012766037,1933466.0127660371,21.971204690523148
7929435721,https://www.avito.ru/almetevsk/doma_dachi_kottedzhi/dom_209_m_na_uchastke_10_sot._7929435721?context=H4sIAAAAAAAA_wE_AMD_YToyOntzOjEzOiJsb2NhbFByaW9yaXR5IjtiOjA7czoxOiJ4IjtzOjE2OiJxR3V4R2RZeDFadkFPaHJ0Ijt9msUq5T8AAAA,"Д. Нолинка, Ягодная ул., 6",650210,54.983552380186595,52.215798753604204,10.734923679388121,,house,209.0,1000.0,4.784688995215311,13700000,10694642.549967801,-3005357.450032199,-21.936915693665686
7976687286,https://www.avito.ru/almetevsk/doma_dachi_kottedzhi/dom_833_m_na_uchastke_6_sot._7976687286?context=H4sIAAAAAAAA_wE_AMD_YToyOntzOjEzOiJsb2NhbFByaW9yaXR5IjtiOjA7czoxOiJ4IjtzOjE2OiJ4d040Njg0MURid0xmaGlvIjt92H3GqT8AAAA,"Ул. Айвазовского, 25",650210,54.871295,52.435732,9.249647249073547,,house,83.3,600.0,7.202881152460985,8500000,6657603.353922261,-1842396.646077739,-21.67525465973811
8168584495,https://www.avito.ru/almetevsk/doma_dachi_kottedzhi/dom_192_m_na_uchastke_6_sot._8168584495?context=H4sIAAAAAAAA_wE_AMD_YToyOntzOjEzOiJsb2NhbFByaW9yaXR5IjtiOjA7czoxOiJ4IjtzOjE2OiJRdWM3dTlSdTVMTzNRa2pJIjt9EJ3yPT8AAAA,"Станция Миннибаево, Лесная ул., 71А",650210,54.831644,52.27753,7.735652865860701,,house,192.0,600.0,3.125,13500000,10589610.76341687,-2910389.2365831304,-21.55843878950467
8200851583,https://www.avito.ru/almetevsk/doma_dachi_kottedzhi/dom_558_m_na_uchastke_55_sot._8200851583?context=H4sIAAAAAAAA_wE_AMD_YToyOntzOjEzOiJsb2NhbFByaW9yaXR5IjtiOjA7czoxOiJ4IjtzOjE2OiJpclhwOEF4enJmOG55VUlQIjt9xOuNPz8AAAA,"Мкр-н Старое Альметьево, ул. Спартака, 11",650210,54.917629,52.338427,3.142686178758843,,house,55.8,550.0,9.856630824372761,7000000,5533442.123130345,-1466557.8768696552,-20.950826812423646
7814475585,https://www.avito.ru/almetevsk/doma_dachi_kottedzhi/dom_98_m_na_uchastke_6_sot._7814475585?context=H4sIAAAAAAAA_wE_AMD_YToyOntzOjEzOiJsb2NhbFByaW9yaXR5IjtiOjA7czoxOiJ4IjtzOjE2OiI2a3BVRXZuZFlaSHFxdk1GIjt96CnAJD8AAAA,"Мкр-н ДОСААФ, Кольцевая ул., 9А",650210,54.89821625,52.33910751,2.5083524533821793,,house,98.0,600.0,6.122448979591836,12200000,9718863.273946518,-2481136.726053482,-20.3371862791269
7399007758,https://www.avito.ru/almetevsk/doma_dachi_kottedzhi/dom_86_m_na_uchastke_19_sot._7399007758?context=H4sIAAAAAAAA_wE_AMD_YToyOntzOjEzOiJsb2NhbFByaW9yaXR5IjtiOjA7czoxOiJ4IjtzOjE2OiJ4d040Njg0MURid0xmaGlvIjt92H3GqT8AAAA,"Мкр-н Урсала, Заречная ул.",650210,54.92159271,52.36178207,4.621744496877987,,house,86.0,1900.0,22.093023255813954,9200000,7367506.752587021,-1832493.2474129787,-19.91840486318455
7935178880,https://www.avito.ru/almetevsk/doma_dachi_kottedzhi/dom_777_m_na_uchastke_159_sot._7935178880?context=H4sIAAAAAAAA_wE_AMD_YToyOntzOjEzOiJsb2NhbFByaW9yaXR5IjtiOjA7czoxOiJ4IjtzOjE2OiJRdWM3dTlSdTVMTzNRa2pJIjt9EJ3yPT8AAAA,"Мкр-н Урсала, ул. Рыжикова, 31",650210,54.914136,52.363921,4.378137817496048,,house,77.7,1590.0,20.463320463320464,5450000,6504299.018671738,1054299.018671738,19.34493612241721
7696183892,https://www.avito.ru/almetevsk/doma_dachi_kottedzhi/dom_998_m_na_uchastke_92_sot._7696183892?context=H4sIAAAAAAAA_wE_AMD_YToyOntzOjEzOiJsb2NhbFByaW9yaXR5IjtiOjA7czoxOiJ4IjtzOjE2OiJ4d040Njg0MURid0xmaGlvIjt92H3GqT8AAAA,"Шоссейная ул., 9",650210,54.90075631988016,52.35698792818697,3.644611261735403,,house,99.8,919.9999999999999,9.218436873747494,12400000,10001595.302400913,-2398404.697599087,-19.34197336773457
8303660922,https://www.avito.ru/almetevsk/doma_dachi_kottedzhi/dom_425_m_na_uchastke_26_sot._8303660922?context=H4sIAAAAAAAA_wE_AMD_YToyOntzOjEzOiJsb2NhbFByaW9yaXR5IjtiOjA7czoxOiJ4IjtzOjE2OiI2a3BVRXZuZFlaSHFxdk1GIjt96CnAJD8AAAA,"Д. Нагорное, Дачная ул.",650210,54.886849678981704,52.03331783404126,17.11638315242588,,house,42.5,2600.0,61.1764705882353,1650000,1962554.2858343779,312554.28583437786,18.942683989962294
7438289065,https://www.avito.ru/almetevsk/doma_dachi_kottedzhi/dom_86_m_na_uchastke_19_sot._7438289065?context=H4sIAAAAAAAA_wE_AMD_YToyOntzOjEzOiJsb2NhbFByaW9yaXR5IjtiOjA7czoxOiJ4IjtzOjE2OiJDY0hwZWFoOGJYeEZvMndGIjt9ZQBBMz8AAAA,"Мкр-н Урсала, Заречная ул.",650210,54.92251440271691,52.35959752119565,4.5584471935549224,,house,86.0,1900.0,22.093023255813954,9200000,7473167.765742891,-1726832.2342571095,-18.76991558975119
7657415389,https://www.avito.ru/almetevsk/doma_dachi_kottedzhi/dom_100_m_na_uchastke_10_sot._7657415389?context=H4sIAAAAAAAA_wE_AMD_YToyOntzOjEzOiJsb2NhbFByaW9yaXR5IjtiOjA7czoxOiJ4IjtzOjE2OiJDY0hwZWFoOGJYeEZvMndGIjt9ZQBBMz8AAAA,"Пос. Сосновка, Сосновая ул.",650210,55.04882046558021,52.36332593061411,17.034436953111847,,house,100.0,1000.0,10.0,8800000,7382367.433551202,-1417632.5664487984,-16.10946098237271
8351644131,https://www.avito.ru/almetevsk/doma_dachi_kottedzhi/dom_240_m_na_uchastke_12_sot._8351644131?context=H4sIAAAAAAAA_wE_AMD_YToyOntzOjEzOiJsb2NhbFByaW9yaXR5IjtiOjA7czoxOiJ4IjtzOjE2OiJpclhwOEF4enJmOG55VUlQIjt9xOuNPz8AAAA,"Кленовая ул., 44",650210,54.928556,52.391104,6.63239836172185,,house,240.0,1200.0,5.0,14000000,11759902.175175974,-2240097.824824026,-16.00069874874304
8126478570,https://www.avito.ru/almetevsk/doma_dachi_kottedzhi/dom_615_m_na_uchastke_144_sot._8126478570?context=H4sIAAAAAAAA_wE_AMD_YToyOntzOjEzOiJsb2NhbFByaW9yaXR5IjtiOjA7czoxOiJ4IjtzOjE2OiJER2t3N2xVTWhYc0QxcHcyIjt9POTwNT8AAAA,Ул. Репина,650210,54.86226842517443,52.269743903278794,4.620447353554235,,house,61.5,1440.0,23.414634146341463,5000000,4202255.821038714,-797744.1789612863,-15.954883579225726
7991547905,https://www.avito.ru/almetevsk/doma_dachi_kottedzhi/dom_75_m_na_uchastke_16_sot._7991547905?context=H4sIAAAAAAAA_wE_AMD_YToyOntzOjEzOiJsb2NhbFByaW9yaXR5IjtiOjA7czoxOiJ4IjtzOjE2OiI1ckJJamw0Z2xmSlNYWks5Ijt93JF--T8AAAA,"С. Миннибаево, ул. Гимаева, 22",650210,54.81835823048921,52.23245216398152,10.055003480741634,,house,75.0,1600.0,21.333333333333332,3350000,3843370.583514151,493370.58351415116,14.727480104900033
8035170566,https://www.avito.ru/almetevsk/doma_dachi_kottedzhi/dom_98_m_na_uchastke_6_sot._8035170566?context=H4sIAAAAAAAA_wE_AMD_YToyOntzOjEzOiJsb2NhbFByaW9yaXR5IjtiOjA7czoxOiJ4IjtzOjE2OiJQMFVGMjRSVkZ2V2RJaWlxIjt9ddos6T8AAAA,"Мкр-н ДОСААФ, Торцевая ул., 2В",650210,54.90111923,52.34859467,3.109478102347971,,house,98.0,600.0,6.122448979591836,8500000,9609105.934541864,1109105.9345418643,13.048305112257227
8212963017,https://www.avito.ru/almetevsk/doma_dachi_kottedzhi/dom_106_m_na_uchastke_13_sot._8212963017?context=H4sIAAAAAAAA_wE_AMD_YToyOntzOjEzOiJsb2NhbFByaW9yaXR5IjtiOjA7czoxOiJ4IjtzOjE2OiJxR3V4R2RZeDFadkFPaHJ0Ijt9msUq5T8AAAA,С. Тихоновка,650210,54.88334274,52.40285492,6.833469481474804,,house,106.0,1300.0,12.264150943396226,9400000,8287360.204545742,-1112639.795454258,-11.836593568662321
8241061346,https://www.avito.ru/almetevsk/doma_dachi_kottedzhi/dom_566_m_na_uchastke_8_sot._8241061346?context=H4sIAAAAAAAA_wE_AMD_YToyOntzOjEzOiJsb2NhbFByaW9yaXR5IjtiOjA7czoxOiJ4IjtzOjE2OiJEMFNLWHFsckJsQWV1MDhYIjt9rXDVtD8AAAA,"Мкр-н Старое Альметьево, Подлужная ул., 14",650210,54.91661835,52.33517456,2.9104066313087484,,house,56.6,800.0,14.134275618374557,5650000,6284676.7541293,634676.7541292999,11.233216887244247
8048979437,https://www.avito.ru/almetevsk/doma_dachi_kottedzhi/dom_632_m_na_uchastke_16_sot._8048979437?context=H4sIAAAAAAAA_wE_AMD_YToyOntzOjEzOiJsb2NhbFByaW9yaXR5IjtiOjA7czoxOiJ4IjtzOjE2OiJEMFNLWHFsckJsQWV1MDhYIjt9rXDVtD8AAAA,"С. Тихоновка, Речная ул., 34",650210,54.88303757,52.40890121,7.215244133354232,,house,63.2,1600.0,25.31645569620253,3800000,4202914.118627023,402914.11862702295,10.603003121763761
2260405816,https://www.avito.ru/almetevsk/doma_dachi_kottedzhi/kottedzh_110_m_na_uchastke_5_sot._2260405816?context=H4sIAAAAAAAA_wE_AMD_YToyOntzOjEzOiJsb2NhbFByaW9yaXR5IjtiOjA7czoxOiJ4IjtzOjE2OiJxR3V4R2RZeDFadkFPaHJ0Ijt9msUq5T8AAAA,С. Верхняя Мактама,650210,54.82822257307201,52.35491538779762,8.720730852890917,,cottage,110.0,500.0,4.545454545454546,6500000,7164096.694862106,664096.6948621059,10.216872228647784
8342373707,https://www.avito.ru/almetevsk/doma_dachi_kottedzhi/dom_130_m_na_uchastke_6_sot._8342373707?context=H4sIAAAAAAAA_wE_AMD_YToyOntzOjEzOiJsb2NhbFByaW9yaXR5IjtiOjA7czoxOiJ4IjtzOjE2OiJQMFVGMjRSVkZ2V2RJaWlxIjt9ddos6T8AAAA,"Ул. 70 лет Победы, 65",650210,54.86807251,52.45211029,10.356907789549082,,house,130.0,600.0,4.615384615384615,8500000,7655628.023048797,-844371.9769512033,-9.933787964131803
8333327747,https://www.avito.ru/almetevsk/doma_dachi_kottedzhi/dacha_60_m_na_uchastke_44_sot._8333327747?context=H4sIAAAAAAAA_wE_AMD_YToyOntzOjEzOiJsb2NhbFByaW9yaXR5IjtiOjA7czoxOiJ4IjtzOjE2OiJEMFNLWHFsckJsQWV1MDhYIjt9rXDVtD8AAAA,"СНОГ Родник, 203",650210,54.98402109875428,52.22284065251053,10.562856439733483,,dacha,60.0,440.00000000000006,7.333333333333334,2400000,2583178.1408626153,183178.1408626153,7.632422535942304
7999749554,https://www.avito.ru/almetevsk/doma_dachi_kottedzhi/dom_65_m_na_uchastke_208_sot._7999749554?context=H4sIAAAAAAAA_wE_AMD_YToyOntzOjEzOiJsb2NhbFByaW9yaXR5IjtiOjA7czoxOiJ4IjtzOjE2OiJRdWM3dTlSdTVMTzNRa2pJIjt9EJ3yPT8AAAA,"С. Новое Каширово, ул. Тавабилова, 166",650210,54.9676,52.5362,16.85797929187862,,house,65.0,2080.0,32.0,2300000,2128483.2700767424,-171516.7299232576,-7.457249127098156
7976513077,https://www.avito.ru/almetevsk/doma_dachi_kottedzhi/dom_846_m_na_uchastke_6_sot._7976513077?context=H4sIAAAAAAAA_wE_AMD_YToyOntzOjEzOiJsb2NhbFByaW9yaXR5IjtiOjA7czoxOiJ4IjtzOjE2OiJQMFVGMjRSVkZ2V2RJaWlxIjt9ddos6T8AAAA,"Ул. Шагена Донгаряна, 42",650210,54.866223,52.448982,10.242980684960386,,house,84.6,600.0,7.092198581560284,6700000,6208050.898097756,-491949.1019022437,-7.342523908988712
2194452787,https://www.avito.ru/almetevsk/doma_dachi_kottedzhi/dom_70_m_na_uchastke_6_sot._2194452787?context=H4sIAAAAAAAA_wE_AMD_YToyOntzOjEzOiJsb2NhbFByaW9yaXR5IjtiOjA7czoxOiJ4IjtzOjE2OiJ0ZUM2RUFZZ3RySGh4WUdBIjt94bZMez8AAAA,Ул. Хариса Шайхатдарова,650210,54.865233384832855,52.450160206125915,10.353822876041807,,house,70.0,600.0,8.571428571428571,5280000,4896853.2931215605,-383146.7068784395,-7.256566418152263
8143105967,https://www.avito.ru/almetevsk/doma_dachi_kottedzhi/dom_342_m_na_uchastke_10_sot._8143105967?context=H4sIAAAAAAAA_wE_AMD_YToyOntzOjEzOiJsb2NhbFByaW9yaXR5IjtiOjA7czoxOiJ4IjtzOjE2OiJ4d040Njg0MURid0xmaGlvIjt92H3GqT8AAAA,"Мкр-н Старое Альметьево, ул. Гатина, 36",650210,54.91742706,52.33189774,2.812951658691883,,house,342.0,1000.0,2.9239766081871346,22500000,21339842.59517417,-1160157.404825829,-5.15625513255924
8063844263,https://www.avito.ru/almetevsk/doma_dachi_kottedzhi/dom_759_m_na_uchastke_81_sot._8063844263?context=H4sIAAAAAAAA_wE_AMD_YToyOntzOjEzOiJsb2NhbFByaW9yaXR5IjtiOjA7czoxOiJ4IjtzOjE2OiJuRVlyWTFmVHRVUjdrR2loIjt9sy5h6z8AAAA,"Мкр-н ДОСААФ, ул. Невского, 34",650210,54.89472,52.344185,2.8856287454785314,,house,75.9,810.0,10.67193675889328,7300000,7551783.692760766,251783.69276076555,3.4490916816543224
8254088705,https://www.avito.ru/almetevsk/doma_dachi_kottedzhi/dom_905_m_na_uchastke_6_sot._8254088705?context=H4sIAAAAAAAA_wE_AMD_YToyOntzOjEzOiJsb2NhbFByaW9yaXR5IjtiOjA7czoxOiJ4IjtzOjE2OiJuRVlyWTFmVHRVUjdrR2loIjt9sy5h6z8AAAA,Шоссейная ул.,650210,54.88698397074165,52.34486643383789,3.213497536188342,,house,90.5,600.0,6.629834254143646,7400000,7620768.900221671,220768.90022167098,2.9833635165090673
3979008777,https://www.avito.ru/almetevsk/doma_dachi_kottedzhi/dom_593_m_na_uchastke_12_sot._3979008777?context=H4sIAAAAAAAA_wE_AMD_YToyOntzOjEzOiJsb2NhbFByaW9yaXR5IjtiOjA7czoxOiJ4IjtzOjE2OiJEMFNLWHFsckJsQWV1MDhYIjt9rXDVtD8AAAA,"Мкр-н Старое Альметьево, Аграрная ул., 3",650210,54.91838837,52.34248734,3.399558512237682,,house,59.3,1200.0,20.236087689713322,5600000,5742079.016959102,142079.0169591019,2.537125302841105
8217383988,https://www.avito.ru/almetevsk/doma_dachi_kottedzhi/dom_108_m_na_uchastke_12_sot._8217383988?context=H4sIAAAAAAAA_wE_AMD_YToyOntzOjEzOiJsb2NhbFByaW9yaXR5IjtiOjA7czoxOiJ4IjtzOjE2OiJxR3V4R2RZeDFadkFPaHJ0Ijt9msUq5T8AAAA,"Д. Болгар-2, ул. Новая Ирня, 15",650210,55.05882645,52.38212204,18.421756475722223,,house,108.0,1200.0,11.11111111111111,6500000,6637973.293092731,137973.2930927314,2.122666047580483
8197412679,https://www.avito.ru/almetevsk/doma_dachi_kottedzhi/dacha_553_m_na_uchastke_44_sot._8197412679?context=H4sIAAAAAAAA_wE_AMD_YToyOntzOjEzOiJsb2NhbFByaW9yaXR5IjtiOjA7czoxOiJ4IjtzOjE2OiJEMFNLWHFsckJsQWV1MDhYIjt9rXDVtD8AAAA,"СНОГ Родник, 326",650210,54.984191,52.22143,10.621834939667705,,dacha,55.3,440.00000000000006,7.9566003616636545,2500000,2468446.4486228046,-31553.5513771954,-1.262142055087816
8179727216,https://www.avito.ru/almetevsk/doma_dachi_kottedzhi/dom_73_m_na_uchastke_27_sot._8179727216?context=H4sIAAAAAAAA_wE_AMD_YToyOntzOjEzOiJsb2NhbFByaW9yaXR5IjtiOjA7czoxOiJ4IjtzOjE2OiI2a3BVRXZuZFlaSHFxdk1GIjt96CnAJD8AAAA,"С. Новое Каширово, Советская ул., 31",650210,54.95872,52.524809,15.777710748152638,,house,73.0,2700.0,36.986301369863014,2500000,2499647.565760186,-352.43423981405795,-0.014097369592562317
