listing_id,url,address,city_id,lat,lon,distance_to_center_km,distance_to_metro_km,land_area_m2,land_type,actual_price,predicted_price,error,percentage_error
3957629338,https://www.avito.ru/almetevsk/zemelnye_uchastki/uchastok_84_sot._izhs_3957629338?context=H4sIAAAAAAAA_wE_AMD_YToyOntzOjEzOiJsb2NhbFByaW9yaXR5IjtiOjA7czoxOiJ4IjtzOjE2OiJFb0JQd3lLWjZQSTQ3d0FMIjt9EzJZ5j8AAAA,"Республика Татарстан, Альметьевск",650210,54.87908648775535,52.27465764237046,2.8345506582364406,,840.0,izhs,1000000,4753190.050768659,3753190.0507686595,375.31900507686595
8365604101,https://www.avito.ru/almetevsk/zemelnye_uchastki/uchastok_28_sot._izhs_8365604101?context=H4sIAAAAAAAA_wE_AMD_YToyOntzOjEzOiJsb2NhbFByaW9yaXR5IjtiOjA7czoxOiJ4IjtzOjE2OiJjZ2ZoVEtidmJoSjltOEpFIjt9vhiYDT8AAAA,С. Васильевка,650210,54.77423059751693,52.29423576106514,13.989790117860728,,2800.0,izhs,450000,1254580.0517066626,804580.0517066626,178.79556704592503
4187294632,https://www.avito.ru/almetevsk/zemelnye_uchastki/uchastok_4_sot._snt_dnp_4187294632?context=H4sIAAAAAAAA_wE_AMD_YToyOntzOjEzOiJsb2NhbFByaW9yaXR5IjtiOjA7czoxOiJ4IjtzOjE2OiIxbndMZVRMRUpDeG1lcWIwIjt9I0doDz8AAAA,Садоводческое некоммерческое товарищество Энергетик,650210,54.89302063,52.35744476,3.7542907604889897,,400.0,snt_dnp,370000,791472.1394083309,421472.1394083309,113.91138902927862
8181533086,https://www.avito.ru/almetevsk/zemelnye_uchastki/uchastok_9_sot._izhs_8181533086?context=H4sIAAAAAAAA_wE_AMD_YToyOntzOjEzOiJsb2NhbFByaW9yaXR5IjtiOjA7czoxOiJ4IjtzOjE2OiJBOGh1ZUdLT3pZb0l3TXN3Ijt9Xe0S6D8AAAA,"Д. Нолинка, СНТ Вишнёвая Гора",650210,54.97455070173886,52.22036686072613,9.725965343178064,,900.0,izhs,1000000,2128522.2577103926,1128522.2577103926,112.85222577103926
4388503179,https://www.avito.ru/almetevsk/zemelnye_uchastki/uchastok_82_sot._snt_dnp_4388503179?context=H4sIAAAAAAAA_wE_AMD_YToyOntzOjEzOiJsb2NhbFByaW9yaXR5IjtiOjA7czoxOiJ4IjtzOjE2OiJCeVoyWkZZWFV6cjZKM2NkIjt9ai4Iyj8AAAA,Садоводческое некоммерческое объединение граждан Монтажник,650210,54.88641064686006,52.33823194979392,2.8741490858847727,,819.9999999999999,snt_dnp,1000000,2087845.35688379,1087845.35688379,108.78453568837901
7647587460,https://www.avito.ru/almetevsk/zemelnye_uchastki/uchastok_128_sot._izhs_7647587460?context=H4sIAAAAAAAA_wE_AMD_YToyOntzOjEzOiJsb2NhbFByaW9yaXR5IjtiOjA7czoxOiJ4IjtzOjE2OiJIVURscWRRRnBtbm5EZDVVIjt9NWTjzT8AAAA,Д. Болгар-2,650210,55.06165608757558,52.4001506592398,19.077513830796363,,1280.0,izhs,800000,1656651.1092827742,856651.1092827742,107.08138866034678
4633886652,https://www.avito.ru/almetevsk/zemelnye_uchastki/uchastok_3_sot._snt_dnp_4633886652?context=H4sIAAAAAAAA_wE_AMD_YToyOntzOjEzOiJsb2NhbFByaW9yaXR5IjtiOjA7czoxOiJ4IjtzOjE2OiJxdUt6U0RSOFhsWHFEb1ZJIjt9kCs1ED8AAAA,СНТ Энергетик А,650210,54.89302063,52.35744476,3.7542907604889897,,300.0,snt_dnp,250000,514539.4332526866,264539.4332526866,105.81577330107463
7328187822,https://www.avito.ru/almetevsk/zemelnye_uchastki/uchastok_50_sot._izhs_7328187822?context=H4sIAAAAAAAA_wE_AMD_YToyOntzOjEzOiJsb2NhbFByaW9yaXR5IjtiOjA7czoxOiJ4IjtzOjE2OiJJMWpDZlFsazZoZEN4ZWVBIjt9qjaTWj8AAAA,"Д. Мугезле-Елга, Родниковая ул., 7",650210,55.049957680601835,52.4307011917483,18.64442922111722,,5000.0,izhs,1000000,1855245.084726582,855245.084726582,85.5245084726582
8068235420,https://www.avito.ru/almetevsk/zemelnye_uchastki/uchastok_35_sot._snt_dnp_8068235420?context=H4sIAAAAAAAA_wE_AMD_YToyOntzOjEzOiJsb2NhbFByaW9yaXR5IjtiOjA7czoxOiJ4IjtzOjE2OiJjZ2ZoVEtidmJoSjltOEpFIjt9vhiYDT8AAAA,"Садоводческое некоммерческое товарищество Восход, 316А",650210,54.88394031908067,52.339322855689545,3.0842668450247306,,350.0,snt_dnp,480000,886704.5327001594,406704.53270015935,84.73011097919986
8101366546,https://www.avito.ru/almetevsk/zemelnye_uchastki/uchastok_12_sot._izhs_8101366546?context=H4sIAAAAAAAA_wE_AMD_YToyOntzOjEzOiJsb2NhbFByaW9yaXR5IjtiOjA7czoxOiJ4IjtzOjE2OiJUN1VjQkt1SExaZlI1TVhpIjt9QPOwbj8AAAA,"С. Новоникольск, Молодёжная ул.",650210,55.04711151,52.34255981,16.582027652850837,,1200.0,izhs,850000,1548778.7562458382,698778.7562458382,82.20926544068685
7947561110,https://www.avito.ru/almetevsk/zemelnye_uchastki/uchastok_95_sot._izhs_7947561110?context=H4sIAAAAAAAA_wE_AMD_YToyOntzOjEzOiJsb2NhbFByaW9yaXR5IjtiOjA7czoxOiJ4IjtzOjE2OiJBOGh1ZUdLT3pZb0l3TXN3Ijt9Xe0S6D8AAAA,"С. Новое Суркино, Лесная ул.",650210,54.72423553,52.23937988,19.92638244721859,,950.0,izhs,490000,891717.1350975748,401717.1350975748,81.98308879542343
2125681139,https://www.avito.ru/almetevsk/zemelnye_uchastki/uchastok_12_sot._izhs_2125681139?context=H4sIAAAAAAAA_wE_AMD_YToyOntzOjEzOiJsb2NhbFByaW9yaXR5IjtiOjA7czoxOiJ4IjtzOjE2OiJRcGtibTBYSlNmOUk3SUNoIjt9aWUt3D8AAAA,"Д. Болгар-2, Солнечная ул.",650210,55.05750384545122,52.38058390066429,18.252943770106153,,1200.0,izhs,1050000,1843559.169079601,793559.1690796011,75.57706372186676
7352796732,https://www.avito.ru/almetevsk/zemelnye_uchastki/uchastok_10_sot._izhs_7352796732?context=H4sIAAAAAAAA_wE_AMD_YToyOntzOjEzOiJsb2NhbFByaW9yaXR5IjtiOjA7czoxOiJ4IjtzOjE2OiJCeVoyWkZZWFV6cjZKM2NkIjt9ai4Iyj8AAAA,"Жилой массив Яблочный, ул. Ивана Жжонова",650210,54.87066269,52.31050873,3.3306863409266056,,1000.0,izhs,1650000,2846288.5890559237,1196288.5890559237,72.50233873066205
4620359524,https://www.avito.ru/almetevsk/zemelnye_uchastki/uchastok_8_sot._izhs_4620359524?context=H4sIAAAAAAAA_wE_AMD_YToyOntzOjEzOiJsb2NhbFByaW9yaXR5IjtiOjA7czoxOiJ4IjtzOjE2OiJRcGtibTBYSlNmOUk3SUNoIjt9aWUt3D8AAAA,С. Новое Каширово,650210,54.96254257994583,52.5363249176075,16.622967233679027,,800.0,izhs,450000,752238.0617732529,302238.0617732529,67.16401372738954
8031671609,https://www.avito.ru/almetevsk/zemelnye_uchastki/uchastok_10_sot._lichnoe_podsobnoe_hozyaystvo_lph_8031671609?context=H4sIAAAAAAAA_wE_AMD_YToyOntzOjEzOiJsb2NhbFByaW9yaXR5IjtiOjA7czoxOiJ4IjtzOjE2OiJMQmVjd0tyY09RRlZhd1hiIjt90pIAST8AAAA,С. Новое Каширово,650210,54.969125,52.541524,17.23776297454338,,1000.0,lph,650000,1078703.7731795283,428703.7731795283,65.95442664300435
7948805340,https://www.avito.ru/almetevsk/zemelnye_uchastki/uchastok_4_sot._izhs_7948805340?context=H4sIAAAAAAAA_wE_AMD_YToyOntzOjEzOiJsb2NhbFByaW9yaXR5IjtiOjA7czoxOiJ4IjtzOjE2OiI4cXRwM1RsRUpSd3Z6VXpsIjt9MFuu-T8AAAA,"Мкр-н Урсала, Лесная ул.",650210,54.93759918,52.37474442,6.347973132585908,,400.0,izhs,3800000,1420360.0353696086,-2379639.9646303914,-62.622104332378726
4149033656,https://www.avito.ru/almetevsk/zemelnye_uchastki/uchastok_15_sot._izhs_4149033656?context=H4sIAAAAAAAA_wE_AMD_YToyOntzOjEzOiJsb2NhbFByaW9yaXR5IjtiOjA7czoxOiJ4IjtzOjE2OiJRcGtibTBYSlNmOUk3SUNoIjt9aWUt3D8AAAA,С. Бишмунча,650210,54.855356,52.595515,19.545893914234878,,1500.0,izhs,600000,957803.1224559094,357803.1224559094,59.63385374265157
7632651904,https://www.avito.ru/almetevsk/zemelnye_uchastki/uchastok_69_sot._snt_dnp_7632651904?context=H4sIAAAAAAAA_wE_AMD_YToyOntzOjEzOiJsb2NhbFByaW9yaXR5IjtiOjA7czoxOiJ4IjtzOjE2OiJBOGh1ZUdLT3pZb0l3TXN3Ijt9Xe0S6D8AAAA,"Садоводческое товарищество Заводской, 197",650210,54.87898362338269,52.265996842282036,3.1922203510207825,,690.0,snt_dnp,5000000,2042058.092481302,-2957941.907518698,-59.15883815037396
8280227417,https://www.avito.ru/almetevsk/zemelnye_uchastki/uchastok_65_sot._snt_dnp_8280227417?context=H4sIAAAAAAAA_wE_AMD_YToyOntzOjEzOiJsb2NhbFByaW9yaXR5IjtiOjA7czoxOiJ4IjtzOjE2OiJIVURscWRRRnBtbm5EZDVVIjt9NWTjzT8AAAA,Садоводческое некоммерческое товарищество Нефтепроводчик,650210,54.895013394336985,52.363369144522466,4.089689223046909,,650.0,snt_dnp,800000,1268832.618770988,468832.61877098796,58.604077346373494
8219374557,https://www.avito.ru/almetevsk/zemelnye_uchastki/uchastok_54_sot._izhs_8219374557?context=H4sIAAAAAAAA_wE_AMD_YToyOntzOjEzOiJsb2NhbFByaW9yaXR5IjtiOjA7czoxOiJ4IjtzOjE2OiJRcGtibTBYSlNmOUk3SUNoIjt9aWUt3D8AAAA,"С. Новоникольск, Центральная ул., 18",650210,55.05411061046488,52.33458570341634,17.27786577860521,,5400.0,izhs,2500000,3955924.7368764817,1455924.7368764817,58.23698947505926
7924402405,https://www.avito.ru/almetevsk/zemelnye_uchastki/uchastok_6_sot._izhs_7924402405?context=H4sIAAAAAAAA_wE_AMD_YToyOntzOjEzOiJsb2NhbFByaW9yaXR5IjtiOjA7czoxOiJ4IjtzOjE2OiJBOGh1ZUdLT3pZb0l3TXN3Ijt9Xe0S6D8AAAA,"Ул. Самата Гатауллина, 32",650210,54.868162629216194,52.451437533305594,10.313039608596881,,600.0,izhs,1299999,2056189.2673705048,756190.2673705048,58.1685268504441
3807341601,https://www.avito.ru/almetevsk/zemelnye_uchastki/uchastok_197_sot._izhs_3807341601?context=H4sIAAAAAAAA_wE_AMD_YToyOntzOjEzOiJsb2NhbFByaW9yaXR5IjtiOjA7czoxOiJ4IjtzOjE2OiJNWDFoTlBZcXFGdXFDNUdqIjt9UYscgD8AAAA,"С. Новое Каширово, ул. Гагарина, 40",650210,54.95183471133824,52.53428456345452,16.041210939293677,,1970.0,izhs,1600000,713163.7088324357,-886836.2911675643,-55.427268197972765
8132140847,https://www.avito.ru/almetevsk/zemelnye_uchastki/uchastok_62_sot._snt_dnp_8132140847?context=H4sIAAAAAAAA_wE_AMD_YToyOntzOjEzOiJsb2NhbFByaW9yaXR5IjtiOjA7czoxOiJ4IjtzOjE2OiJNWDFoTlBZcXFGdXFDNUdqIjt9UYscgD8AAAA,Садоводческое некоммерческое товарищество Алнас,650210,54.964022834452955,52.46980225359293,12.97544192245864,,620.0,snt_dnp,1500000,705279.6507376386,-794720.3492623614,-52.98135661749076
8049405872,https://www.avito.ru/almetevsk/zemelnye_uchastki/uchastok_18_sot._izhs_8049405872?context=H4sIAAAAAAAA_wE_AMD_YToyOntzOjEzOiJsb2NhbFByaW9yaXR5IjtiOjA7czoxOiJ4IjtzOjE2OiJJMWpDZlFsazZoZEN4ZWVBIjt9qjaTWj8AAAA,С. Кульшарипово,650210,54.89478585348824,52.20823436038236,5.8962352502417525,,1800.0,izhs,6600000,3161615.694715616,-3438384.305284384,-52.09673189824825
8429367773,https://www.avito.ru/almetevsk/zemelnye_uchastki/uchastok_12_sot._izhs_8429367773?context=H4sIAAAAAAAA_wE_AMD_YToyOntzOjEzOiJsb2NhbFByaW9yaXR5IjtiOjA7czoxOiJ4IjtzOjE2OiJUN1VjQkt1SExaZlI1TVhpIjt9QPOwbj8AAAA,"С. Новое Каширово, ул. Мусы Джалиля, 99",650210,54.96694946,52.54785919,17.497035033363172,,1200.0,izhs,1750000,838708.4177790093,-911291.5822209907,-52.07380469834233
7480228630,https://www.avito.ru/almetevsk/zemelnye_uchastki/uchastok_6_sot._izhs_7480228630?context=H4sIAAAAAAAA_wE_AMD_YToyOntzOjEzOiJsb2NhbFByaW9yaXR5IjtiOjA7czoxOiJ4IjtzOjE2OiI3Q1dxdmNQb0ZJeUpWNGM0Ijt9pN77ID8AAAA,"Заводская ул., 3В",650210,54.89547729,52.33275986,2.154229940696546,,600.0,izhs,2800000,4243785.092187885,1443785.0921878852,51.56375329242447
7607510663,https://www.avito.ru/almetevsk/zemelnye_uchastki/uchastok_8_sot._izhs_7607510663?context=H4sIAAAAAAAA_wE_AMD_YToyOntzOjEzOiJsb2NhbFByaW9yaXR5IjtiOjA7czoxOiJ4IjtzOjE2OiI4cXRwM1RsRUpSd3Z6VXpsIjt9MFuu-T8AAAA,"С. Кульшарипово, ул. М. Амира, 36",650210,54.8809433,52.19219971,7.212434425086672,,800.0,izhs,5490000,2841526.897227699,-2648473.102772301,-48.241768720806945
7424593379,https://www.avito.ru/almetevsk/zemelnye_uchastki/uchastok_14_sot._izhs_7424593379?context=H4sIAAAAAAAA_wE_AMD_YToyOntzOjEzOiJsb2NhbFByaW9yaXR5IjtiOjA7czoxOiJ4IjtzOjE2OiI3Q1dxdmNQb0ZJeUpWNGM0Ijt9pN77ID8AAAA,Станция Миннибаево,650210,54.835495182427394,52.27547775688919,7.3422437776458125,,1400.0,izhs,2900000,1623998.018088166,-1276001.981911834,-44.00006834178738
3632387240,https://www.avito.ru/almetevsk/zemelnye_uchastki/uchastok_10_sot._promnaznacheniya_3632387240?context=H4sIAAAAAAAA_wE_AMD_YToyOntzOjEzOiJsb2NhbFByaW9yaXR5IjtiOjA7czoxOiJ4IjtzOjE2OiIxbndMZVRMRUpDeG1lcWIwIjt9I0doDz8AAAA,Ул. Тухватуллина,650210,54.893615177735505,52.322803248940176,1.6217597640772885,,1000.0,industrial,6500000,9334469.86698476,2834469.8669847604,43.607228722842464
8056924382,https://www.avito.ru/almetevsk/zemelnye_uchastki/uchastok_12_sot._izhs_8056924382?context=H4sIAAAAAAAA_wE_AMD_YToyOntzOjEzOiJsb2NhbFByaW9yaXR5IjtiOjA7czoxOiJ4IjtzOjE2OiJMQmVjd0tyY09RRlZhd1hiIjt90pIAST8AAAA,"Пос. железнодорожной станции Калейкино, Железнодорожная ул.",650210,54.919823109827824,52.13969683334353,10.481282236137636,,1200.0,izhs,1150000,1640851.5060448502,490851.5060448502,42.682739656073934
7551229935,https://www.avito.ru/almetevsk/zemelnye_uchastki/uchastok_137_sot._izhs_7551229935?context=H4sIAAAAAAAA_wE_AMD_YToyOntzOjEzOiJsb2NhbFByaW9yaXR5IjtiOjA7czoxOiJ4IjtzOjE2OiJhSmdUbGs1ZER6bEI3RnNrIjt9JNk_Sz8AAAA,"Д. Нолинка, Лесная ул.",650210,54.98028917078471,52.22116433783632,10.249943572680824,,1370.0,izhs,5900000,3473801.5986479674,-2426198.4013520326,-41.12200680257682
8068915793,https://www.avito.ru/almetevsk/zemelnye_uchastki/uchastok_11_sot._izhs_8068915793?context=H4sIAAAAAAAA_wE_AMD_YToyOntzOjEzOiJsb2NhbFByaW9yaXR5IjtiOjA7czoxOiJ4IjtzOjE2OiIxbndMZVRMRUpDeG1lcWIwIjt9I0doDz8AAAA,"Д. Болгар-2, Солнечная ул., 8",650210,55.05791473,52.37968445,18.28073075891218,,1100.0,izhs,1300000,1833221.4282362482,533221.4282362482,41.017032941249866
4155205710,https://www.avito.ru/almetevsk/zemelnye_uchastki/uchastok_18_sot._izhs_4155205710?context=H4sIAAAAAAAA_wE_AMD_YToyOntzOjEzOiJsb2NhbFByaW9yaXR5IjtiOjA7czoxOiJ4IjtzOjE2OiJwTWxGRk9EMG1pazdNcnIyIjt9Ds2uND8AAAA,"Д. Болгар-1, Лесная ул.",650210,55.00255784019063,52.509799325599175,17.593411237382828,,1800.0,izhs,1500000,888758.3641122621,-611241.6358877379,-40.74944239251585
8261568678,https://www.avito.ru/almetevsk/zemelnye_uchastki/uchastok_12_sot._snt_dnp_8261568678?context=H4sIAAAAAAAA_wE_AMD_YToyOntzOjEzOiJsb2NhbFByaW9yaXR5IjtiOjA7czoxOiJ4IjtzOjE2OiJhSmdUbGs1ZER6bEI3RnNrIjt9JNk_Sz8AAAA,"Д. Нолинка, СНТ Вишнёвая Гора, 21",650210,54.97634321191525,52.21930591146149,9.931343445003114,,1200.0,snt_dnp,1950000,1182598.00858009,-767401.99141991,-39.3539482779441
8074801863,https://www.avito.ru/almetevsk/zemelnye_uchastki/uchastok_83_sot._snt_dnp_8074801863?context=H4sIAAAAAAAA_wE_AMD_YToyOntzOjEzOiJsb2NhbFByaW9yaXR5IjtiOjA7czoxOiJ4IjtzOjE2OiJCeVoyWkZZWFV6cjZKM2NkIjt9ai4Iyj8AAAA,"Садоводческое некоммерческое товарищество Алнас, 449",650210,54.959072219899774,52.48076156166496,13.286259815043458,,830.0000000000001,snt_dnp,1400000,849279.4469867974,-550720.5530132026,-39.337182358085904
4689824064,https://www.avito.ru/almetevsk/zemelnye_uchastki/uchastok_45_sot._promnaznacheniya_4689824064?context=H4sIAAAAAAAA_wE_AMD_YToyOntzOjEzOiJsb2NhbFByaW9yaXR5IjtiOjA7czoxOiJ4IjtzOjE2OiJCeVoyWkZZWFV6cjZKM2NkIjt9ai4Iyj8AAAA,Садоводческое товарищество Панельник,650210,54.87640630895167,52.329540094727676,3.2329733461856374,,450.0,industrial,3000000,1886315.2794697292,-1113684.7205302708,-37.12282401767569
8247808572,https://www.avito.ru/almetevsk/zemelnye_uchastki/uchastok_21_sot._izhs_8247808572?context=H4sIAAAAAAAA_wE_AMD_YToyOntzOjEzOiJsb2NhbFByaW9yaXR5IjtiOjA7czoxOiJ4IjtzOjE2OiI3Q1dxdmNQb0ZJeUpWNGM0Ijt9pN77ID8AAAA,"Мкр-н Урсала, Лесная ул., 53",650210,54.93715668,52.37295914,6.229849412782108,,2100.0,izhs,6500000,4111859.887888914,-2388140.112111086,-36.74061710940133
7908612167,https://www.avito.ru/almetevsk/zemelnye_uchastki/uchastok_6_sot._snt_dnp_7908612167?context=H4sIAAAAAAAA_wE_AMD_YToyOntzOjEzOiJsb2NhbFByaW9yaXR5IjtiOjA7czoxOiJ4IjtzOjE2OiJUN1VjQkt1SExaZlI1TVhpIjt9QPOwbj8AAAA,"Садоводческое некоммерческое товарищество Ручеёк, 108",650210,54.87823105,52.26968002,3.1015232899334695,,600.0,snt_dnp,3300000,2148063.7994439737,-1151936.2005560263,-34.90715759260686
8064041823,https://www.avito.ru/almetevsk/zemelnye_uchastki/uchastok_10_sot._izhs_8064041823?context=H4sIAAAAAAAA_wE_AMD_YToyOntzOjEzOiJsb2NhbFByaW9yaXR5IjtiOjA7czoxOiJ4IjtzOjE2OiJzN1lPSXVRTllabGQ3bzF5Ijt96LKhFT8AAAA,С. Бишмунча,650210,54.85535812,52.5955162,19.545907814986368,,1000.0,izhs,600000,808228.9166698519,208228.91666985187,34.70481944497531
8365544179,https://www.avito.ru/almetevsk/zemelnye_uchastki/uchastok_25_sot._snt_dnp_8365544179?context=H4sIAAAAAAAA_wE_AMD_YToyOntzOjEzOiJsb2NhbFByaW9yaXR5IjtiOjA7czoxOiJ4IjtzOjE2OiJNWDFoTlBZcXFGdXFDNUdqIjt9UYscgD8AAAA,"С. Кичучатово, ул. Карла Маркса, 41",650210,54.83921814,52.06973267,16.210045805582805,,2500.0,snt_dnp,1100000,734850.4383686467,-365149.56163135334,-33.195414693759396
7607212546,https://www.avito.ru/almetevsk/zemelnye_uchastki/uchastok_65_sot._snt_dnp_7607212546?context=H4sIAAAAAAAA_wE_AMD_YToyOntzOjEzOiJsb2NhbFByaW9yaXR5IjtiOjA7czoxOiJ4IjtzOjE2OiI3Q1dxdmNQb0ZJeUpWNGM0Ijt9pN77ID8AAAA,"СТ Буровик-1, 123",650210,54.89144897,52.32639694,1.9373214327409882,,650.0,snt_dnp,1250000,1663700.3536643798,413700.3536643798,33.09602829315038
1919336358,https://www.avito.ru/almetevsk/zemelnye_uchastki/uchastok_227_sot._izhs_1919336358?context=H4sIAAAAAAAA_wE_AMD_YToyOntzOjEzOiJsb2NhbFByaW9yaXR5IjtiOjA7czoxOiJ4IjtzOjE2OiI3Q1dxdmNQb0ZJeUpWNGM0Ijt9pN77ID8AAAA,С. Чупаево,650210,54.80138964140429,52.135796572527525,15.189629067453904,,2270.0,izhs,500000,664229.4001549754,164229.40015497536,32.845880030995076
8117417290,https://www.avito.ru/almetevsk/zemelnye_uchastki/uchastok_6_sot._izhs_8117417290?context=H4sIAAAAAAAA_wE_AMD_YToyOntzOjEzOiJsb2NhbFByaW9yaXR5IjtiOjA7czoxOiJ4IjtzOjE2OiJzN1lPSXVRTllabGQ3bzF5Ijt96LKhFT8AAAA,"Ул. Шагена Донгаряна, 67",650210,54.86745453,52.45284653,10.424884249810496,,600.0,izhs,1490000,1930270.4327716485,440270.4327716485,29.548351192728088
8077064780,https://www.avito.ru/almetevsk/zemelnye_uchastki/uchastok_4_sot._snt_dnp_8077064780?context=H4sIAAAAAAAA_wE_AMD_YToyOntzOjEzOiJsb2NhbFByaW9yaXR5IjtiOjA7czoxOiJ4IjtzOjE2OiJ1WFBHcTg1R0tsVEVocFBOIjt9dpYT8D8AAAA,"Р-239, 263-й километр",650210,54.876070011575756,52.330481050092104,3.2986014380349062,,400.0,snt_dnp,439000,562744.3486229883,123744.34862298833,28.1877787296101
8166839488,https://www.avito.ru/almetevsk/zemelnye_uchastki/uchastok_12_sot._izhs_8166839488?context=H4sIAAAAAAAA_wE_AMD_YToyOntzOjEzOiJsb2NhbFByaW9yaXR5IjtiOjA7czoxOiJ4IjtzOjE2OiI3Q1dxdmNQb0ZJeUpWNGM0Ijt9pN77ID8AAAA,"Д. Болгар-2, Солнечная ул.",650210,55.05750323967142,52.381764187834676,18.274240553956144,,1200.0,izhs,1450000,1843570.3156637647,393570.3156637647,27.142780390604464
7823296992,https://www.avito.ru/almetevsk/zemelnye_uchastki/uchastok_40_sot._promnaznacheniya_7823296992?context=H4sIAAAAAAAA_wE_AMD_YToyOntzOjEzOiJsb2NhbFByaW9yaXR5IjtiOjA7czoxOiJ4IjtzOjE2OiJMQmVjd0tyY09RRlZhd1hiIjt90pIAST8AAAA,"Республика Татарстан (Татарстан), Альметьевск",650210,54.893491654969644,52.32305235540555,1.642104568545559,,4000.0,industrial,30000000,38120955.04049286,8120955.040492862,27.06985013497621
7350763610,https://www.avito.ru/almetevsk/zemelnye_uchastki/uchastok_101_sot._izhs_7350763610?context=H4sIAAAAAAAA_wE_AMD_YToyOntzOjEzOiJsb2NhbFByaW9yaXR5IjtiOjA7czoxOiJ4IjtzOjE2OiI4cXRwM1RsRUpSd3Z6VXpsIjt9MFuu-T8AAAA,"С. Миннибаево, ул. Гимаева",650210,54.8175621,52.23006439,10.201145023014938,,1010.0,izhs,1530000,1119478.316216466,-410521.683783534,-26.831482600230977
8236227320,https://www.avito.ru/almetevsk/zemelnye_uchastki/uchastok_54_sot._snt_dnp_8236227320?context=H4sIAAAAAAAA_wE_AMD_YToyOntzOjEzOiJsb2NhbFByaW9yaXR5IjtiOjA7czoxOiJ4IjtzOjE2OiJwTWxGRk9EMG1pazdNcnIyIjt9Ds2uND8AAAA,"СНТ Яблочко, 72",650210,54.86983148109454,52.310609527393524,3.4225356356323027,,540.0,snt_dnp,600000,446739.76922965463,-153260.23077034537,-25.543371795057563
4170163155,https://www.avito.ru/almetevsk/zemelnye_uchastki/uchastok_6_sot._izhs_4170163155?context=H4sIAAAAAAAA_wE_AMD_YToyOntzOjEzOiJsb2NhbFByaW9yaXR5IjtiOjA7czoxOiJ4IjtzOjE2OiIxbndMZVRMRUpDeG1lcWIwIjt9I0doDz8AAAA,Ул. Петра Голышева,650210,54.933884,52.393026,7.038686386984548,,600.0,izhs,3400000,2571374.916871439,-828625.0831285608,-24.371325974369434
8131503649,https://www.avito.ru/almetevsk/zemelnye_uchastki/uchastok_5_sot._snt_dnp_8131503649?context=H4sIAAAAAAAA_wE_AMD_YToyOntzOjEzOiJsb2NhbFByaW9yaXR5IjtiOjA7czoxOiJ4IjtzOjE2OiJRcGtibTBYSlNmOUk3SUNoIjt9aWUt3D8AAAA,"Садоводческое некоммерческое объединение граждан Газовщик, 157",650210,54.88864724258502,52.3240360998992,1.9889778634817739,,500.0,snt_dnp,1099000,841949.2702610389,-257050.7297389611,-23.389511350223938
8103087861,https://www.avito.ru/almetevsk/zemelnye_uchastki/uchastok_6_sot._izhs_8103087861?context=H4sIAAAAAAAA_wE_AMD_YToyOntzOjEzOiJsb2NhbFByaW9yaXR5IjtiOjA7czoxOiJ4IjtzOjE2OiJzN1lPSXVRTllabGQ3bzF5Ijt96LKhFT8AAAA,Вахтовая ул.,650210,54.90207383607527,52.36928069743354,4.435530323607266,,600.0,izhs,3300000,2561615.532335734,-738384.467664266,-22.375286898917153
7775159928,https://www.avito.ru/almetevsk/zemelnye_uchastki/uchastok_8_sot._izhs_7775159928?context=H4sIAAAAAAAA_wE_AMD_YToyOntzOjEzOiJsb2NhbFByaW9yaXR5IjtiOjA7czoxOiJ4IjtzOjE2OiJUN1VjQkt1SExaZlI1TVhpIjt9QPOwbj8AAAA,"Ул. Петра Хузангая, 35",650210,54.889387,52.341625,2.9116333690655725,,800.0,izhs,3500000,4269488.578606721,769488.578606721,21.98538796019203
8091558262,https://www.avito.ru/almetevsk/zemelnye_uchastki/uchastok_30_sot._izhs_8091558262?context=H4sIAAAAAAAA_wE_AMD_YToyOntzOjEzOiJsb2NhbFByaW9yaXR5IjtiOjA7czoxOiJ4IjtzOjE2OiJwTWxGRk9EMG1pazdNcnIyIjt9Ds2uND8AAAA,С. Миннибаево,650210,54.82289666584344,52.23637135161244,9.49143685687178,,3000.0,izhs,2200000,1753866.5460892583,-446133.4539107417,-20.27879335957917
7584335601,https://www.avito.ru/almetevsk/zemelnye_uchastki/uchastok_8_sot._snt_dnp_7584335601?context=H4sIAAAAAAAA_wE_AMD_YToyOntzOjEzOiJsb2NhbFByaW9yaXR5IjtiOjA7czoxOiJ4IjtzOjE2OiJCeVoyWkZZWFV6cjZKM2NkIjt9ai4Iyj8AAAA,Садоводческое некоммерческое товарищество Алнас,650210,54.96612553538053,52.47049145511447,13.141414818876287,,800.0,snt_dnp,720000,856615.9039449376,136615.90394493763,18.97443110346356
7341938140,https://www.avito.ru/almetevsk/zemelnye_uchastki/uchastok_18_sot._izhs_7341938140?context=H4sIAAAAAAAA_wE_AMD_YToyOntzOjEzOiJsb2NhbFByaW9yaXR5IjtiOjA7czoxOiJ4IjtzOjE2OiJBOGh1ZUdLT3pZb0l3TXN3Ijt9Xe0S6D8AAAA,"С. Новоникольск, Центральная ул., 17",650210,55.05274714333913,52.335882414526054,17.138373153330978,,1800.0,izhs,2000000,1622301.4363959837,-377698.5636040163,-18.884928180200816
8055172820,https://www.avito.ru/almetevsk/zemelnye_uchastki/uchastok_20_sot._izhs_8055172820?context=H4sIAAAAAAAA_wE_AMD_YToyOntzOjEzOiJsb2NhbFByaW9yaXR5IjtiOjA7czoxOiJ4IjtzOjE2OiJFb0JQd3lLWjZQSTQ3d0FMIjt9EzJZ5j8AAAA,"Д. Болгар-2, ул. Ирня, 7А",650210,55.06131442341274,52.398154072830145,18.999353113880773,,2000.0,izhs,2000000,1637472.4814573233,-362527.5185426767,-18.126375927133832
8040875447,https://www.avito.ru/almetevsk/zemelnye_uchastki/uchastok_6_sot._izhs_8040875447?context=H4sIAAAAAAAA_wE_AMD_YToyOntzOjEzOiJsb2NhbFByaW9yaXR5IjtiOjA7czoxOiJ4IjtzOjE2OiJMQmVjd0tyY09RRlZhd1hiIjt90pIAST8AAAA,Сказочная ул.,650210,54.92341630826561,52.3823432764975,5.872139957026292,,600.0,izhs,3450000,2836742.195455627,-613257.804544373,-17.775588537518054
8354543137,https://www.avito.ru/almetevsk/zemelnye_uchastki/uchastok_24_sot._izhs_8354543137?context=H4sIAAAAAAAA_wE_AMD_YToyOntzOjEzOiJsb2NhbFByaW9yaXR5IjtiOjA7czoxOiJ4IjtzOjE2OiJwTWxGRk9EMG1pazdNcnIyIjt9Ds2uND8AAAA,"С. Верхняя Мактама, ул. Мусы Джалиля, 92",650210,54.822661,52.354462,9.27920938963921,,2400.0,izhs,1500000,1235182.8709508919,-264817.12904910813,-17.65447526994054
7976258675,https://www.avito.ru/almetevsk/zemelnye_uchastki/uchastok_6_sot._izhs_7976258675?context=H4sIAAAAAAAA_wE_AMD_YToyOntzOjEzOiJsb2NhbFByaW9yaXR5IjtiOjA7czoxOiJ4IjtzOjE2OiJNWDFoTlBZcXFGdXFDNUdqIjt9UYscgD8AAAA,Жилой массив Яблочный,650210,54.872678214410826,52.310983826517614,3.118211528778295,,600.0,izhs,3500000,2882576.521461053,-617423.4785389472,-17.64067081539849
7589247126,https://www.avito.ru/almetevsk/zemelnye_uchastki/uchastok_8_sot._izhs_7589247126?context=H4sIAAAAAAAA_wE_AMD_YToyOntzOjEzOiJsb2NhbFByaW9yaXR5IjtiOjA7czoxOiJ4IjtzOjE2OiI3Q1dxdmNQb0ZJeUpWNGM0Ijt9pN77ID8AAAA,"С. Тихоновка, Южная ул.",650210,54.88055801,52.41086578,7.41246706680478,,800.0,izhs,3490000,2889671.6588638457,-600328.3411361543,-17.201385132841096
8126569453,https://www.avito.ru/almetevsk/zemelnye_uchastki/uchastok_13_sot._izhs_8126569453?context=H4sIAAAAAAAA_wE_AMD_YToyOntzOjEzOiJsb2NhbFByaW9yaXR5IjtiOjA7czoxOiJ4IjtzOjE2OiJhSmdUbGs1ZER6bEI3RnNrIjt9JNk_Sz8AAAA,С. Новое Каширово,650210,54.97303627546785,52.54051372312152,17.37829191929005,,1300.0,izhs,1000000,830024.1791813499,-169975.82081865007,-16.997582081865005
8015268543,https://www.avito.ru/almetevsk/zemelnye_uchastki/uchastok_6_sot._izhs_8015268543?context=H4sIAAAAAAAA_wE_AMD_YToyOntzOjEzOiJsb2NhbFByaW9yaXR5IjtiOjA7czoxOiJ4IjtzOjE2OiJRcGtibTBYSlNmOUk3SUNoIjt9aWUt3D8AAAA,"Ул. Салиха Сайдашева, 83",650210,54.90044022,52.37565994,4.837741013148863,,600.0,izhs,2200000,2565459.1028869674,365459.10288696736,16.611777403953063
7559485373,https://www.avito.ru/almetevsk/zemelnye_uchastki/uchastok_102_sot._snt_dnp_7559485373?context=H4sIAAAAAAAA_wE_AMD_YToyOntzOjEzOiJsb2NhbFByaW9yaXR5IjtiOjA7czoxOiJ4IjtzOjE2OiI4cXRwM1RsRUpSd3Z6VXpsIjt9MFuu-T8AAAA,СНТ Коммунальник,650210,54.8837738,52.24392319,4.014450486505245,,1019.9999999999999,snt_dnp,2450000,2051105.0731021476,-398894.92689785245,-16.281425587667446
8168859752,https://www.avito.ru/almetevsk/zemelnye_uchastki/uchastok_114_sot._izhs_8168859752?context=H4sIAAAAAAAA_wE_AMD_YToyOntzOjEzOiJsb2NhbFByaW9yaXR5IjtiOjA7czoxOiJ4IjtzOjE2OiJMQmVjd0tyY09RRlZhd1hiIjt90pIAST8AAAA,"Пос. железнодорожной станции Калейкино, Луговая ул., 10",650210,54.918286,52.150939,9.74297911240409,,1140.0,izhs,1500000,1743159.0806172697,243159.08061726973,16.21060537448465
8121686052,https://www.avito.ru/almetevsk/zemelnye_uchastki/uchastok_6_sot._izhs_8121686052?context=H4sIAAAAAAAA_wE_AMD_YToyOntzOjEzOiJsb2NhbFByaW9yaXR5IjtiOjA7czoxOiJ4IjtzOjE2OiJ1WFBHcTg1R0tsVEVocFBOIjt9dpYT8D8AAAA,Ул. 70 лет Победы,650210,54.86883110686271,52.456576611427025,10.59775638114687,,600.0,izhs,1550000,1797082.75965695,247082.7596569499,15.940823203674187
8209049148,https://www.avito.ru/almetevsk/zemelnye_uchastki/uchastok_4_sot._snt_dnp_8209049148?context=H4sIAAAAAAAA_wE_AMD_YToyOntzOjEzOiJsb2NhbFByaW9yaXR5IjtiOjA7czoxOiJ4IjtzOjE2OiJMQmVjd0tyY09RRlZhd1hiIjt90pIAST8AAAA,"Садоводческое товарищество Вишенка, 82",650210,54.87166214,52.33262253,3.7792359850040196,,400.0,snt_dnp,380000,438566.1382951903,58566.13829519029,15.412141656629025
8042325294,https://www.avito.ru/almetevsk/zemelnye_uchastki/uchastok_6_sot._snt_dnp_8042325294?context=H4sIAAAAAAAA_wE_AMD_YToyOntzOjEzOiJsb2NhbFByaW9yaXR5IjtiOjA7czoxOiJ4IjtzOjE2OiJjZ2ZoVEtidmJoSjltOEpFIjt9vhiYDT8AAAA,"СНТ Яблочко, 5/15",650210,54.86979296626508,52.304754220069114,3.372605762361165,,600.0,snt_dnp,580000,668251.3904898023,88251.39048980235,15.215756981000405
8415548929,https://www.avito.ru/almetevsk/zemelnye_uchastki/uchastok_6_sot._izhs_8415548929?context=H4sIAAAAAAAA_wE_AMD_YToyOntzOjEzOiJsb2NhbFByaW9yaXR5IjtiOjA7czoxOiJ4IjtzOjE2OiI4cXRwM1RsRUpSd3Z6VXpsIjt9MFuu-T8AAAA,"Ул. Шагена Донгаряна, 81",650210,54.86786,52.454911,10.533393644751657,,600.0,izhs,1660000,1908342.9654497744,248342.9654497744,14.960419605408095
7463011682,https://www.avito.ru/almetevsk/zemelnye_uchastki/uchastok_8_sot._izhs_7463011682?context=H4sIAAAAAAAA_wE_AMD_YToyOntzOjEzOiJsb2NhbFByaW9yaXR5IjtiOjA7czoxOiJ4IjtzOjE2OiI4cXRwM1RsRUpSd3Z6VXpsIjt9MFuu-T8AAAA,"С. Кульшарипово, ул. Фахретдина",650210,54.87988241586312,52.184580058425595,7.713037372035139,,800.0,izhs,3000000,2562538.6804667357,-437461.31953326426,-14.582043984442143
8139906708,https://www.avito.ru/almetevsk/zemelnye_uchastki/uchastok_6_sot._izhs_8139906708?context=H4sIAAAAAAAA_wE_AMD_YToyOntzOjEzOiJsb2NhbFByaW9yaXR5IjtiOjA7czoxOiJ4IjtzOjE2OiJBOGh1ZUdLT3pZb0l3TXN3Ijt9Xe0S6D8AAAA,"Ул. Кырлай, 13",650210,54.9219488607397,52.38310780900812,5.846089017913663,,600.0,izhs,2500000,2862116.1734631043,362116.1734631043,14.48464693852417
8121441371,https://www.avito.ru/almetevsk/zemelnye_uchastki/uchastok_149_sot._izhs_8121441371?context=H4sIAAAAAAAA_wE_AMD_YToyOntzOjEzOiJsb2NhbFByaW9yaXR5IjtiOjA7czoxOiJ4IjtzOjE2OiJsU0ZQdW9rc2tOOGdveG1LIjt9kuIszD8AAAA,С. Калейкино,650210,54.9308823159652,52.177743146892965,8.535093458983614,,1490.0,izhs,1800000,1546179.8176226292,-253820.18237737077,-14.101121243187265
7936016738,https://www.avito.ru/almetevsk/zemelnye_uchastki/uchastok_117_sot._snt_dnp_7936016738?context=H4sIAAAAAAAA_wE_AMD_YToyOntzOjEzOiJsb2NhbFByaW9yaXR5IjtiOjA7czoxOiJ4IjtzOjE2OiIxbndMZVRMRUpDeG1lcWIwIjt9I0doDz8AAAA,Садоводческое некоммерческое товарищество Алнас,650210,54.9656631722559,52.47672459040277,13.445362958103786,,1170.0,snt_dnp,1300000,1119675.4039993219,-180324.59600067814,-13.871122769282934
8254431518,https://www.avito.ru/almetevsk/zemelnye_uchastki/uchastok_6_sot._izhs_8254431518?context=H4sIAAAAAAAA_wE_AMD_YToyOntzOjEzOiJsb2NhbFByaW9yaXR5IjtiOjA7czoxOiJ4IjtzOjE2OiIxbndMZVRMRUpDeG1lcWIwIjt9I0doDz8AAAA,Вахтовая ул.,650210,54.90104748892337,52.37258211172772,4.642131778589614,,600.0,izhs,2500000,2842109.9394439063,342109.9394439063,13.684397577756252
7763966813,https://www.avito.ru/almetevsk/zemelnye_uchastki/uchastok_10_sot._izhs_7763966813?context=H4sIAAAAAAAA_wE_AMD_YToyOntzOjEzOiJsb2NhbFByaW9yaXR5IjtiOjA7czoxOiJ4IjtzOjE2OiJNWDFoTlBZcXFGdXFDNUdqIjt9UYscgD8AAAA,"Ул. Мифтахетдина Акмуллы, 69",650210,54.88646628718098,52.342106117232575,3.0846170854278165,,1000.0,izhs,4500000,3916369.8452101606,-583630.1547898394,-12.969558995329763
4173473078,https://www.avito.ru/almetevsk/zemelnye_uchastki/uchastok_10_sot._izhs_4173473078?context=H4sIAAAAAAAA_wE_AMD_YToyOntzOjEzOiJsb2NhbFByaW9yaXR5IjtiOjA7czoxOiJ4IjtzOjE2OiJRcGtibTBYSlNmOUk3SUNoIjt9aWUt3D8AAAA,С. Кульшарипово,650210,54.890531015059196,52.1873119351324,7.282375810213876,,1000.0,izhs,3300000,2872985.514570549,-427014.48542945087,-12.939832891801542
8248702528,https://www.avito.ru/almetevsk/zemelnye_uchastki/uchastok_10_sot._izhs_8248702528?context=H4sIAAAAAAAA_wE_AMD_YToyOntzOjEzOiJsb2NhbFByaW9yaXR5IjtiOjA7czoxOiJ4IjtzOjE2OiJ1WFBHcTg1R0tsVEVocFBOIjt9dpYT8D8AAAA,Посёлок Агропосёлок,650210,54.89076327340124,52.257358332006845,2.9137427711670245,,1000.0,izhs,5690000,6415942.373650977,725942.3736509774,12.758213948171834
4528881777,https://www.avito.ru/almetevsk/zemelnye_uchastki/uchastok_42_sot._snt_dnp_4528881777?context=H4sIAAAAAAAA_wE_AMD_YToyOntzOjEzOiJsb2NhbFByaW9yaXR5IjtiOjA7czoxOiJ4IjtzOjE2OiJIVURscWRRRnBtbm5EZDVVIjt9NWTjzT8AAAA,"СНТ Яблочко, 10/19",650210,54.867730685613424,52.302180789016795,3.5908943626256358,,420.0,snt_dnp,380000,334285.87641369295,-45714.12358630705,-12.03003252271238
8191854777,https://www.avito.ru/almetevsk/zemelnye_uchastki/uchastok_6_sot._izhs_8191854777?context=H4sIAAAAAAAA_wE_AMD_YToyOntzOjEzOiJsb2NhbFByaW9yaXR5IjtiOjA7czoxOiJ4IjtzOjE2OiJBOGh1ZUdLT3pZb0l3TXN3Ijt9Xe0S6D8AAAA,Ул. Радуга,650210,54.92309841419462,52.384746352636185,5.994992706398849,,600.0,izhs,2600000,2901974.6632446493,301974.6632446493,11.614410124794205
8104880862,https://www.avito.ru/almetevsk/zemelnye_uchastki/uchastok_15_sot._izhs_8104880862?context=H4sIAAAAAAAA_wE_AMD_YToyOntzOjEzOiJsb2NhbFByaW9yaXR5IjtiOjA7czoxOiJ4IjtzOjE2OiJUN1VjQkt1SExaZlI1TVhpIjt9QPOwbj8AAAA,Пос. железнодорожной станции Калейкино,650210,54.90861665163761,52.134134918433276,10.647087547419734,,1500.0,izhs,1600000,1764773.850753491,164773.85075349105,10.29836567209319
7635505080,https://www.avito.ru/almetevsk/zemelnye_uchastki/uchastok_10_sot._izhs_7635505080?context=H4sIAAAAAAAA_wE_AMD_YToyOntzOjEzOiJsb2NhbFByaW9yaXR5IjtiOjA7czoxOiJ4IjtzOjE2OiJCeVoyWkZZWFV6cjZKM2NkIjt9ai4Iyj8AAAA,С. Новоникольск,650210,55.04875565,52.34398651,16.77739034454356,,1000.0,izhs,1500000,1652557.8766377333,152557.8766377333,10.17052510918222
7492679995,https://www.avito.ru/almetevsk/zemelnye_uchastki/uchastok_62_sot._snt_dnp_7492679995?context=H4sIAAAAAAAA_wE_AMD_YToyOntzOjEzOiJsb2NhbFByaW9yaXR5IjtiOjA7czoxOiJ4IjtzOjE2OiJJMWpDZlFsazZoZEN4ZWVBIjt9qjaTWj8AAAA,"Садоводческое некоммерческое объединение граждан Виктория, 99",650210,54.87119675,52.28887558,3.2808589580215566,,620.0,snt_dnp,800000,718654.0635446168,-81345.9364553832,-10.1682420569229
8342224474,https://www.avito.ru/almetevsk/zemelnye_uchastki/uchastok_12_sot._izhs_8342224474?context=H4sIAAAAAAAA_wE_AMD_YToyOntzOjEzOiJsb2NhbFByaW9yaXR5IjtiOjA7czoxOiJ4IjtzOjE2OiJFb0JQd3lLWjZQSTQ3d0FMIjt9EzJZ5j8AAAA,Мкр-н Урсала,650210,54.93748842099072,52.368802549473784,6.05891190983095,,1200.0,izhs,3300001,3602495.874775158,302494.8747751578,9.16650857909309
7479406269,https://www.avito.ru/almetevsk/zemelnye_uchastki/uchastok_8_sot._snt_dnp_7479406269?context=H4sIAAAAAAAA_wE_AMD_YToyOntzOjEzOiJsb2NhbFByaW9yaXR5IjtiOjA7czoxOiJ4IjtzOjE2OiJCeVoyWkZZWFV6cjZKM2NkIjt9ai4Iyj8AAAA,Садоводческое некоммерческое товарищество Алнас,650210,54.966720288042815,52.46918718098411,13.10968366424403,,800.0,snt_dnp,800000,865969.8530821074,65969.85308210738,8.246231635263422
8031592406,https://www.avito.ru/almetevsk/zemelnye_uchastki/uchastok_13_sot._izhs_8031592406?context=H4sIAAAAAAAA_wE_AMD_YToyOntzOjEzOiJsb2NhbFByaW9yaXR5IjtiOjA7czoxOiJ4IjtzOjE2OiJzN1lPSXVRTllabGQ3bzF5Ijt96LKhFT8AAAA,"Пос. железнодорожной станции Калейкино, Луговая ул.",650210,54.918851802349515,52.151420586273176,9.72617456580359,,1300.0,izhs,1880000,1733333.767673624,-146666.23232637602,-7.801395336509363
7976464913,https://www.avito.ru/almetevsk/zemelnye_uchastki/uchastok_42_sot._snt_dnp_7976464913?context=H4sIAAAAAAAA_wE_AMD_YToyOntzOjEzOiJsb2NhbFByaW9yaXR5IjtiOjA7czoxOiJ4IjtzOjE2OiJIVURscWRRRnBtbm5EZDVVIjt9NWTjzT8AAAA,"Садоводческое некоммерческое товарищество Ручеёк, 29",650210,54.87989426,52.27080917,2.9126144649205905,,420.0,snt_dnp,850000,894143.9376006364,44143.93760063639,5.193404423604281
8363408992,https://www.avito.ru/almetevsk/zemelnye_uchastki/uchastok_6_sot._izhs_8363408992?context=H4sIAAAAAAAA_wE_AMD_YToyOntzOjEzOiJsb2NhbFByaW9yaXR5IjtiOjA7czoxOiJ4IjtzOjE2OiJzN1lPSXVRTllabGQ3bzF5Ijt96LKhFT8AAAA,"Ул. 70 лет Победы, 66",650210,54.86762731877181,52.45270369592555,10.409637504357711,,600.0,izhs,1850000,1944011.6095650329,94011.60956503288,5.081708625136913
8133135197,https://www.avito.ru/almetevsk/zemelnye_uchastki/uchastok_52_sot._snt_dnp_8133135197?context=H4sIAAAAAAAA_wE_AMD_YToyOntzOjEzOiJsb2NhbFByaW9yaXR5IjtiOjA7czoxOiJ4IjtzOjE2OiJwTWxGRk9EMG1pazdNcnIyIjt9Ds2uND8AAAA,"Садоводческое некоммерческое объединение граждан Виктория, 81",650210,54.871500703778665,52.28951260092249,3.2391909535338708,,520.0,snt_dnp,500000,523620.5494468753,23620.549446875288,4.7241098893750575
8255285670,https://www.avito.ru/almetevsk/zemelnye_uchastki/uchastok_6_sot._izhs_8255285670?context=H4sIAAAAAAAA_wE_AMD_YToyOntzOjEzOiJsb2NhbFByaW9yaXR5IjtiOjA7czoxOiJ4IjtzOjE2OiJhSmdUbGs1ZER6bEI3RnNrIjt9JNk_Sz8AAAA,Мкр-н М-4,650210,54.865069211465055,52.455307873570014,10.666643319952888,,600.0,izhs,1900000,1813589.7380501712,-86410.26194982883,-4.5479085236752015
8147993186,https://www.avito.ru/almetevsk/zemelnye_uchastki/uchastok_6_sot._izhs_8147993186?context=H4sIAAAAAAAA_wE_AMD_YToyOntzOjEzOiJsb2NhbFByaW9yaXR5IjtiOjA7czoxOiJ4IjtzOjE2OiJhSmdUbGs1ZER6bEI3RnNrIjt9JNk_Sz8AAAA,"Ул. Шагена Донгаряна, 79",650210,54.86787231094095,52.45466807778185,10.518312114376037,,600.0,izhs,1850000,1929462.2696935397,79462.26969353971,4.295257821272417
8122800506,https://www.avito.ru/almetevsk/zemelnye_uchastki/uchastok_67_sot._snt_dnp_8122800506?context=H4sIAAAAAAAA_wE_AMD_YToyOntzOjEzOiJsb2NhbFByaW9yaXR5IjtiOjA7czoxOiJ4IjtzOjE2OiJjZ2ZoVEtidmJoSjltOEpFIjt9vhiYDT8AAAA,Садовое общество Фиалка,650210,54.92047490847859,52.25255838275214,3.7920519622195576,,670.0,snt_dnp,1500000,1558296.1297717777,58296.12977177766,3.886408651451844
7659605937,https://www.avito.ru/almetevsk/zemelnye_uchastki/uchastok_196_sot._izhs_7659605937?context=H4sIAAAAAAAA_wE_AMD_YToyOntzOjEzOiJsb2NhbFByaW9yaXR5IjtiOjA7czoxOiJ4IjtzOjE2OiJCeVoyWkZZWFV6cjZKM2NkIjt9ai4Iyj8AAAA,"С. Миннибаево, Речная ул., 44",650210,54.813707382214524,52.239585001917405,10.345189600991858,,1960.0000000000002,izhs,1000000,962069.6523842582,-37930.347615741775,-3.7930347615741775
8002619291,https://www.avito.ru/almetevsk/zemelnye_uchastki/uchastok_6_sot._izhs_8002619291?context=H4sIAAAAAAAA_wE_AMD_YToyOntzOjEzOiJsb2NhbFByaW9yaXR5IjtiOjA7czoxOiJ4IjtzOjE2OiI3Q1dxdmNQb0ZJeUpWNGM0Ijt9pN77ID8AAAA,"Ул. Шагена Донгаряна, 81",650210,54.86785889,52.45490265,10.532933241690179,,600.0,izhs,1850000,1908342.9654497744,58342.965449774405,3.1536738080959137
8127178907,https://www.avito.ru/almetevsk/zemelnye_uchastki/uchastok_6_sot._izhs_8127178907?context=H4sIAAAAAAAA_wE_AMD_YToyOntzOjEzOiJsb2NhbFByaW9yaXR5IjtiOjA7czoxOiJ4IjtzOjE2OiJsU0ZQdW9rc2tOOGdveG1LIjt9kuIszD8AAAA,"Ул. Новосёлов, 6",650210,54.923962,52.389074,6.286105275276784,,600.0,izhs,2850000,2933714.386816673,83714.38681667298,2.9373469058481745
7360013886,https://www.avito.ru/almetevsk/zemelnye_uchastki/uchastok_6_sot._izhs_7360013886?context=H4sIAAAAAAAA_wE_AMD_YToyOntzOjEzOiJsb2NhbFByaW9yaXR5IjtiOjA7czoxOiJ4IjtzOjE2OiJsU0ZQdW9rc2tOOGdveG1LIjt9kuIszD8AAAA,"Ул. Салиха Сайдашева, 55",650210,54.902423,52.37259,4.648909161971655,,600.0,izhs,2800000,2881578.055379979,81578.05537997885,2.9135019778563875
2214461516,https://www.avito.ru/almetevsk/zemelnye_uchastki/uchastok_178_sot._izhs_2214461516?context=H4sIAAAAAAAA_wE_AMD_YToyOntzOjEzOiJsb2NhbFByaW9yaXR5IjtiOjA7czoxOiJ4IjtzOjE2OiJRcGtibTBYSlNmOUk3SUNoIjt9aWUt3D8AAAA,Д. Нолинка,650210,54.9751089060286,52.2158248463379,9.932918005018182,,1780.0,izhs,1750000,1800516.9553141536,50516.95531415357,2.8866831608087757
8104302678,https://www.avito.ru/almetevsk/zemelnye_uchastki/uchastok_6_sot._izhs_8104302678?context=H4sIAAAAAAAA_wE_AMD_YToyOntzOjEzOiJsb2NhbFByaW9yaXR5IjtiOjA7czoxOiJ4IjtzOjE2OiJxdUt6U0RSOFhsWHFEb1ZJIjt9kCs1ED8AAAA,Ул. Шагена Донгаряна,650210,54.866529,52.449243,10.246072187773647,,600.0,izhs,2050000,2101290.445338878,51290.44533887785,2.501972943359895
8115886852,https://www.avito.ru/almetevsk/zemelnye_uchastki/uchastok_6_sot._izhs_8115886852?context=H4sIAAAAAAAA_wE_AMD_YToyOntzOjEzOiJsb2NhbFByaW9yaXR5IjtiOjA7czoxOiJ4IjtzOjE2OiJNWDFoTlBZcXFGdXFDNUdqIjt9UYscgD8AAAA,"Ул. Радуга, 6",650210,54.92136383,52.38332367,5.831865339584977,,600.0,izhs,2800000,2858785.531307729,58785.53130772896,2.09948326099032
8073137717,https://www.avito.ru/almetevsk/zemelnye_uchastki/uchastok_13_sot._izhs_8073137717?context=H4sIAAAAAAAA_wE_AMD_YToyOntzOjEzOiJsb2NhbFByaW9yaXR5IjtiOjA7czoxOiJ4IjtzOjE2OiJJMWpDZlFsazZoZEN4ZWVBIjt9qjaTWj8AAAA,Новая ул.,650210,54.91165543,52.33576584,2.628221621298794,,1300.0,izhs,7300000,7185186.632672744,-114813.36732725613,-1.5727858537980293
8339739320,https://www.avito.ru/almetevsk/zemelnye_uchastki/uchastok_10_sot._izhs_8339739320?context=H4sIAAAAAAAA_wE_AMD_YToyOntzOjEzOiJsb2NhbFByaW9yaXR5IjtiOjA7czoxOiJ4IjtzOjE2OiJFb0JQd3lLWjZQSTQ3d0FMIjt9EzJZ5j8AAAA,Д. Ак-Чишма,650210,55.009483692380655,52.48031575594099,16.755970137057652,,1000.0,izhs,1000000,985320.0170442386,-14679.98295576137,-1.467998295576137
8029945073,https://www.avito.ru/almetevsk/zemelnye_uchastki/uchastok_8_sot._snt_dnp_8029945073?context=H4sIAAAAAAAA_wE_AMD_YToyOntzOjEzOiJsb2NhbFByaW9yaXR5IjtiOjA7czoxOiJ4IjtzOjE2OiJFb0JQd3lLWjZQSTQ3d0FMIjt9EzJZ5j8AAAA,"СМ Пожарник, 43",650210,54.88724569614432,52.33818801192102,2.8239838863490214,,800.0,snt_dnp,2090000,2114010.6839030823,24010.683903082274,1.1488365503867117
5058399678,https://www.avito.ru/almetevsk/zemelnye_uchastki/uchastok_6_sot._izhs_5058399678?context=H4sIAAAAAAAA_wE_AMD_YToyOntzOjEzOiJsb2NhbFByaW9yaXR5IjtiOjA7czoxOiJ4IjtzOjE2OiJzN1lPSXVRTllabGQ3bzF5Ijt96LKhFT8AAAA,"Ул. Материнской Славы, 12",650210,54.86962554448095,52.44099181604551,9.629811311695013,,600.0,izhs,2050000,2072385.3058800746,22385.305880074622,1.091966140491445
7967017494,https://www.avito.ru/almetevsk/zemelnye_uchastki/uchastok_7_sot._izhs_7967017494?context=H4sIAAAAAAAA_wE_AMD_YToyOntzOjEzOiJsb2NhbFByaW9yaXR5IjtiOjA7czoxOiJ4IjtzOjE2OiJMQmVjd0tyY09RRlZhd1hiIjt90pIAST8AAAA,Промышленная ул.,650210,54.896923,52.336945,2.3869166972861056,,700.0,izhs,4750000,4749645.387222448,-354.6127775516361,-0.0074655321589818125
